occurrence_date,municipality,fsa,latitude,longitude
2025-03-10 18:30:00,King,L7E,43.940687,-79.739159
2025-08-11 17:34:00,King,L7E,43.888031,-79.71839
2025-07-04 04:30:00,King,L0G,43.969986,-79.694324
2025-04-17 21:51:00,King,L0G,44.004876,-79.687968
2024-10-12 16:00:00,King,L0G,44.005031,-79.684316
2025-06-01 01:57:00,King,L0G,44.005031,-79.684316
2025-03-28 03:06:00,King,L0G,43.998132,-79.680321
2024-08-25 20:00:00,King,L0G,43.900482,-79.670004
2024-08-25 07:52:00,King,L0G,43.900906,-79.668483
2024-12-29 06:50:00,King,L0G,43.906649,-79.665716
2025-07-12 20:00:00,King,L0G,43.898835,-79.663678
2025-06-18 17:04:00,King,L0G,43.910815,-79.661772
2025-02-22 01:42:00,King,L0G,43.903747,-79.661839
2024-10-08 20:00:00,Vaughan,L4H,43.837378,-79.663118
2024-11-26 00:09:00,Vaughan,L4H,43.837378,-79.663118
2024-10-06 05:38:00,King,L0G,43.894991,-79.660699
2025-03-05 13:06:00,King,L0G,43.893258,-79.660126
2024-09-20 21:30:00,Vaughan,L4H,43.832585,-79.659721
2024-11-27 22:24:00,King,L0G,43.895587,-79.658279
2024-11-24 04:12:00,Vaughan,L4H,43.846407,-79.659063
2024-12-12 22:31:00,King,L0G,43.898872,-79.657397
2024-12-07 00:42:00,King,L0G,43.911917,-79.656997
2025-07-14 05:54:00,King,L0G,43.907037,-79.656557
2024-09-21 14:41:00,Vaughan,L4H,43.834468,-79.658071
2025-05-31 04:00:00,Vaughan,L4H,43.832522,-79.65709
2025-06-11 15:59:00,Vaughan,L4H,43.835893,-79.655653
2025-05-28 13:00:00,King,L0G,43.906612,-79.653651
2024-08-31 00:19:00,Vaughan,L4H,43.842818,-79.65498
2025-05-22 15:33:00,Vaughan,L4H,43.842818,-79.65498
2025-07-20 22:25:00,Vaughan,L4H,43.83788,-79.654311
2024-10-22 20:05:00,King,L0G,43.915085,-79.651805
2024-11-04 23:22:00,King,L0G,43.915085,-79.651805
2024-08-23 01:35:00,Vaughan,L4H,43.827567,-79.653684
2025-01-08 08:30:00,Vaughan,L4H,43.832472,-79.653515
2024-08-25 15:07:00,Vaughan,L4H,43.837146,-79.653324
2024-11-28 21:37:00,Vaughan,L4H,43.829105,-79.652592
2025-06-22 05:50:00,Vaughan,L4H,43.836008,-79.652195
2024-08-20 17:30:00,King,L0G,43.904043,-79.650066
2024-08-15 16:30:00,Vaughan,L4H,43.827743,-79.651313
2025-01-01 08:48:00,King,L0G,43.916663,-79.647861
2024-12-27 18:00:00,Vaughan,L4H,43.828644,-79.649727
2024-08-10 06:00:00,Vaughan,L4H,43.830742,-79.64955
2025-03-07 01:53:00,King,L0G,43.980123,-79.645702
2025-03-13 07:30:00,Vaughan,L4H,43.834935,-79.647781
2025-03-01 00:34:00,King,L0G,43.912868,-79.64461
2024-12-04 23:15:00,King,L0G,43.906193,-79.64473
2024-07-14 02:35:00,Vaughan,L0J,43.839535,-79.645353
2025-05-12 00:41:00,Vaughan,L4H,43.830119,-79.645435
2025-03-14 04:00:00,King,L0G,43.909274,-79.643241
2024-12-18 00:47:00,Vaughan,L0J,43.84997,-79.643098
2025-07-14 07:34:00,Vaughan,L0J,43.857186,-79.642071
2024-11-29 22:30:00,King,L0G,43.908666,-79.640638
2024-08-22 02:16:00,Vaughan,L0J,43.850436,-79.641947
2025-07-01 07:27:00,Vaughan,L0J,43.832571,-79.641748
2024-12-25 02:25:00,King,L0G,43.915007,-79.639519
2025-06-04 00:46:00,Vaughan,L0J,43.828982,-79.640797
2024-12-11 22:40:00,King,L0G,43.90909,-79.638719
2025-04-12 02:13:00,King,L0G,43.90909,-79.638719
2024-09-15 20:00:00,Vaughan,L0J,43.853457,-79.637467
2024-12-06 22:15:00,Vaughan,L0J,43.83539,-79.636973
2024-11-16 23:45:00,Vaughan,L0J,43.835592,-79.635895
2024-11-19 23:27:00,Vaughan,L0J,43.847042,-79.630509
2025-03-15 18:15:00,Vaughan,L4H,43.807314,-79.63018
2025-06-25 23:07:00,Vaughan,L4H,43.807314,-79.63018
2024-08-29 16:00:00,Vaughan,L4H,43.820402,-79.627948
2024-11-14 05:00:00,Vaughan,L4H,43.821269,-79.627307
2024-11-07 18:57:00,Vaughan,L0J,43.844374,-79.626567
2024-11-30 23:11:00,Vaughan,L0J,43.844374,-79.626567
2024-07-07 02:00:00,King,L7B,43.991894,-79.623118
2024-12-31 19:32:00,King,L7B,43.991894,-79.623118
2025-02-13 00:39:00,King,L7B,43.991894,-79.623118
2025-08-13 08:12:00,Vaughan,L4H,43.803822,-79.626056
2024-08-02 04:00:00,Vaughan,L4H,43.813976,-79.623319
2025-05-16 09:33:00,Vaughan,L4H,43.835752,-79.622483
2025-02-24 01:20:00,Vaughan,L4L,43.789106,-79.623022
2024-07-31 04:00:00,Vaughan,L4H,43.837206,-79.621247
2024-12-06 01:02:00,Vaughan,L0J,43.866131,-79.619834
2024-07-05 13:50:00,Vaughan,L4H,43.814442,-79.620911
2025-06-27 02:40:00,Vaughan,L4L,43.794309,-79.620712
2024-09-27 04:01:00,Vaughan,L4L,43.810394,-79.619445
2024-11-09 05:01:00,Vaughan,L0J,43.862507,-79.617311
2024-10-25 22:30:00,Vaughan,L4L,43.783679,-79.617868
2025-03-09 03:54:00,Vaughan,L4H,43.781661,-79.61779
2025-08-09 15:15:00,Vaughan,L4H,43.799389,-79.617355
2024-08-27 06:43:00,Vaughan,L4H,43.798609,-79.617266
2025-01-18 13:15:00,King,L0G,43.950136,-79.612693
2024-12-06 15:24:00,Vaughan,L4H,43.812188,-79.615873
2024-12-13 22:25:00,King,L7B,44.006456,-79.610886
2024-09-06 17:24:00,Vaughan,L4H,43.816618,-79.615247
2024-09-08 09:26:00,Vaughan,L4H,43.816618,-79.615247
2024-08-26 00:15:00,Vaughan,L4H,43.798743,-79.615592
2025-03-14 21:30:00,Vaughan,L4H,43.798743,-79.615592
2025-08-10 03:30:00,Vaughan,L4L,43.783916,-79.615004
2025-01-06 12:39:00,Vaughan,L4L,43.78207,-79.614895
2025-06-06 16:30:00,Vaughan,L4H,43.809801,-79.614132
2024-10-20 00:11:00,Vaughan,L4H,43.82354,-79.61356
2025-03-07 04:22:00,King,L7B,44.013255,-79.608641
2025-01-20 23:24:00,Vaughan,L4H,43.820949,-79.613008
2025-04-27 04:30:00,Vaughan,L4L,43.784994,-79.613748
2024-10-03 22:14:00,Vaughan,L4H,43.805476,-79.61321
2025-01-04 02:00:00,Vaughan,L4H,43.851467,-79.61135
2025-03-18 13:30:00,Vaughan,L4L,43.787452,-79.612321
2025-06-21 07:00:00,Vaughan,L4H,43.815573,-79.611486
2024-08-11 08:30:00,Vaughan,L4H,43.80251,-79.611522
2024-09-14 02:51:00,Vaughan,L4H,43.80251,-79.611522
2024-10-04 14:06:00,Vaughan,L4H,43.820506,-79.610566
2024-12-03 00:14:00,Vaughan,L4H,43.809529,-79.610636
2024-10-29 16:36:00,Vaughan,L4H,43.804104,-79.610194
2025-07-06 07:00:00,Vaughan,L4H,43.807345,-79.608989
2024-12-25 17:47:00,Vaughan,L4H,43.805581,-79.608082
2025-05-27 05:00:00,Vaughan,L4L,43.78436,-79.608563
2024-11-22 03:00:00,Vaughan,L4H,43.813574,-79.607433
2025-06-12 18:06:00,Vaughan,L4H,43.815697,-79.607085
2024-09-27 16:13:00,Vaughan,L4H,43.795906,-79.606702
2024-10-29 19:02:00,Vaughan,L4H,43.795906,-79.606702
2025-05-29 15:00:00,Vaughan,L4H,43.817571,-79.605417
2025-01-15 23:44:00,Vaughan,L4L,43.782447,-79.605757
2025-07-01 04:00:00,Vaughan,L4H,43.810582,-79.604716
2025-04-11 04:01:00,Vaughan,L4L,43.810757,-79.603846
2025-06-21 08:50:00,Vaughan,L4L,43.792235,-79.60396
2024-12-25 05:00:00,Vaughan,L4L,43.802534,-79.602883
2025-08-02 06:32:00,King,L7B,44.009484,-79.59796
2025-02-28 19:15:00,Vaughan,L4H,43.814323,-79.602396
2025-06-28 23:00:00,Vaughan,L4L,43.813235,-79.601817
2024-07-01 07:05:00,King,L7B,43.998126,-79.597323
2024-09-28 18:27:00,King,L7B,43.990846,-79.595558
2025-08-08 05:45:00,Vaughan,L4L,43.789967,-79.599935
2025-08-06 14:30:00,Vaughan,L4L,43.792591,-79.599249
2025-05-11 16:00:00,Vaughan,L4L,43.813303,-79.596866
2025-05-16 18:00:00,Vaughan,L4H,43.856588,-79.595189
2024-08-09 14:32:00,Vaughan,L4L,43.77757,-79.596995
2024-12-22 23:00:00,Vaughan,L4L,43.77757,-79.596995
2025-03-23 00:29:00,Vaughan,L4L,43.77757,-79.596995
2025-08-01 18:00:00,Vaughan,L4L,43.785015,-79.596628
2025-02-18 21:12:00,Vaughan,L4L,43.759288,-79.597009
2025-05-21 01:00:00,Vaughan,L4L,43.759288,-79.597009
2025-05-16 03:28:00,Vaughan,L4L,43.779121,-79.596041
2024-12-23 05:01:00,Vaughan,L4L,43.805799,-79.595296
2024-10-17 18:01:00,Vaughan,L4H,43.815359,-79.594844
2025-04-28 16:51:00,King,L7B,43.972771,-79.591101
2024-07-19 15:13:00,Vaughan,L4L,43.808625,-79.59449
2024-07-19 21:00:00,Vaughan,L4L,43.784562,-79.59414
2025-03-06 21:30:00,Vaughan,L4L,43.776965,-79.594173
2024-07-01 07:15:00,Vaughan,L4L,43.783983,-79.593993
2025-01-10 01:31:00,Vaughan,L4L,43.783983,-79.593993
2025-01-11 02:36:00,Vaughan,L4L,43.783983,-79.593993
2024-09-05 22:03:00,King,L7B,43.965936,-79.589437
2024-08-30 15:00:00,Vaughan,L4L,43.786669,-79.592176
2024-09-02 05:54:00,Vaughan,L4L,43.786669,-79.592176
2024-07-19 16:00:00,Vaughan,L4L,43.785671,-79.59128
2024-10-28 23:00:00,Vaughan,L4L,43.785671,-79.59128
2025-01-02 19:55:00,Vaughan,L4L,43.785671,-79.59128
2025-07-07 00:19:00,Vaughan,L4L,43.787777,-79.591017
2024-11-26 23:38:00,Vaughan,L4L,43.802451,-79.590161
2025-08-14 19:00:00,Vaughan,L4H,43.873469,-79.58736
2024-07-12 04:01:00,Vaughan,L4L,43.791793,-79.588422
2024-11-01 00:14:00,Vaughan,L4L,43.796654,-79.5883
2025-03-12 14:00:00,Vaughan,L4L,43.80252,-79.586709
2024-09-01 00:54:00,Vaughan,L4L,43.79207,-79.586604
2024-10-19 22:32:00,Vaughan,L4H,43.878572,-79.584139
2025-06-27 04:00:00,Vaughan,L4L,43.779696,-79.58549
2025-02-24 00:18:00,Vaughan,L4L,43.795301,-79.584632
2025-07-10 17:30:00,Vaughan,L4L,43.795301,-79.584632
2024-10-22 04:30:00,Vaughan,L4L,43.781699,-79.584365
2025-07-16 17:56:00,Vaughan,L4L,43.787003,-79.58341
2025-07-27 01:03:00,Vaughan,L4L,43.787003,-79.58341
2025-06-21 03:48:00,Vaughan,L4L,43.793088,-79.582464
2025-06-01 22:00:00,Vaughan,L4L,43.781648,-79.582626
2024-09-10 17:32:00,Vaughan,L4H,43.846055,-79.580867
2024-09-07 04:00:00,Vaughan,L4H,43.847737,-79.579499
2024-12-08 00:15:00,Vaughan,L4H,43.83581,-79.579476
2024-10-17 18:28:00,Vaughan,L4H,43.846463,-79.578928
2024-12-07 00:02:00,Vaughan,L4L,43.788383,-79.579452
2024-12-07 08:00:00,Vaughan,L4H,43.850217,-79.577917
2025-05-18 14:43:00,King,L0G,44.005544,-79.573468
2025-04-27 07:23:00,Vaughan,L4H,43.850165,-79.576851
2025-06-27 00:00:00,Vaughan,L4L,43.78483,-79.578251
2025-08-01 01:37:00,Vaughan,L4L,43.78483,-79.578251
2024-09-02 09:22:00,Vaughan,L4H,43.830654,-79.57694
2025-06-12 07:42:00,Vaughan,L4H,43.830654,-79.57694
2024-10-09 14:01:00,Vaughan,L4L,43.797678,-79.577439
2024-09-13 11:00:00,Vaughan,L4L,43.816567,-79.576725
2025-05-11 22:14:00,Vaughan,L4L,43.816567,-79.576725
2025-03-06 17:37:00,Vaughan,L4L,43.775964,-79.577647
2025-02-17 21:45:00,Vaughan,L4H,43.828274,-79.576379
2025-06-11 11:45:00,Vaughan,L4L,43.795241,-79.576532
2024-10-29 23:25:00,Vaughan,L4H,43.833773,-79.575242
2024-08-21 13:01:00,Vaughan,L7B,43.899893,-79.57353
2024-08-24 00:02:00,Vaughan,L4L,43.819222,-79.57516
2025-02-11 07:54:00,Vaughan,L4L,43.819222,-79.57516
2024-09-16 14:36:00,Vaughan,L4L,43.780038,-79.575498
2025-07-04 15:36:00,Vaughan,L4L,43.765348,-79.575481
2025-05-20 03:49:00,Vaughan,L4H,43.833768,-79.573633
2025-06-27 05:44:00,Vaughan,L4H,43.833768,-79.573633
2025-01-12 02:50:00,Vaughan,L4L,43.795085,-79.573261
2025-01-01 15:30:00,Vaughan,L4H,43.838116,-79.572132
2024-10-18 13:52:00,Vaughan,L4L,43.786871,-79.572799
2025-06-07 09:45:00,Vaughan,L4H,43.844848,-79.570839
2025-01-06 09:43:00,Vaughan,L4L,43.796092,-79.571612
2024-11-22 23:50:00,Vaughan,L4L,43.814795,-79.570939
2025-02-07 20:35:00,Vaughan,L4H,43.852859,-79.569891
2024-09-20 16:09:00,Vaughan,L4L,43.799174,-79.570496
2024-07-05 06:55:00,Vaughan,L4H,43.853052,-79.56893
2025-01-12 18:30:00,King,L0G,43.984257,-79.565228
2025-01-13 19:20:00,Vaughan,L4L,43.804783,-79.56922
2024-11-09 00:00:00,Vaughan,L4L,43.791099,-79.568587
2025-04-11 16:16:00,Vaughan,L4L,43.791099,-79.568587
2025-01-25 23:26:00,Vaughan,L4L,43.798749,-79.567742
2025-08-02 10:37:00,King,L3Y,44.062919,-79.561207
2025-03-27 14:53:00,Vaughan,L4L,43.809073,-79.56725
2024-10-12 00:49:00,Vaughan,L4H,43.851049,-79.566012
2025-08-15 18:55:00,Vaughan,L4H,43.845152,-79.566118
2024-12-18 01:58:00,Vaughan,L4H,43.855798,-79.565747
2025-06-17 08:20:00,Vaughan,L4H,43.855798,-79.565747
2024-12-13 09:30:00,King,L7B,43.959594,-79.563048
2024-10-26 00:02:00,Vaughan,L4H,43.826233,-79.565899
2024-09-09 18:07:00,Vaughan,L4L,43.815133,-79.566149
2024-11-04 23:21:00,Vaughan,L4L,43.819118,-79.565917
2024-08-11 15:30:00,Vaughan,L4L,43.821002,-79.565771
2025-04-01 23:02:00,Vaughan,L4H,43.834167,-79.565409
2024-07-31 08:15:00,King,L3Y,44.05524,-79.559313
2025-03-22 04:04:00,Vaughan,L4L,43.821243,-79.564606
2025-08-01 04:00:00,Vaughan,L4L,43.821243,-79.564606
2024-10-18 16:43:00,Vaughan,L4L,43.811954,-79.563787
2025-08-01 01:30:00,Vaughan,L4L,43.811954,-79.563787
2024-11-30 01:10:00,Vaughan,L4H,43.842269,-79.562857
2024-07-07 04:00:00,Vaughan,L4L,43.809196,-79.563228
2024-10-04 16:27:00,Vaughan,L4L,43.795479,-79.563468
2024-07-02 14:06:00,Vaughan,L4L,43.825105,-79.562713
2024-07-07 02:39:00,Vaughan,L6A,43.868577,-79.561242
2024-09-12 21:14:00,King,L3Y,44.037908,-79.556435
2025-04-25 23:00:00,Vaughan,L4H,43.832379,-79.561191
2025-03-08 05:00:00,Vaughan,L4L,43.795658,-79.561898
2025-03-08 01:52:00,Vaughan,L4H,43.828065,-79.561005
2024-09-12 23:07:00,Vaughan,L4L,43.820034,-79.56102
2025-02-08 07:30:00,Vaughan,L4L,43.820034,-79.56102
2024-08-25 23:21:00,Vaughan,L4H,43.866986,-79.559701
2024-11-24 03:00:00,Vaughan,L4L,43.82491,-79.560581
2024-09-07 20:21:00,Vaughan,L4H,43.852651,-79.559607
2024-07-17 14:33:00,Vaughan,L4L,43.823116,-79.560133
2025-03-21 00:00:00,Vaughan,L4L,43.817401,-79.560108
2024-10-19 01:29:00,Vaughan,L4L,43.797083,-79.560449
2024-07-10 16:00:00,Vaughan,L4H,43.837551,-79.558908
2024-11-27 23:46:00,Vaughan,L4L,43.807989,-79.559537
2025-08-12 14:51:00,Vaughan,L4L,43.807989,-79.559537
2024-07-10 14:20:00,Vaughan,L4L,43.81282,-79.559186
2025-04-27 07:48:00,Vaughan,L4H,43.860903,-79.556994
2024-08-22 16:30:00,Vaughan,L4L,43.822628,-79.557853
2025-03-14 21:00:00,Vaughan,L4L,43.801308,-79.558103
2024-11-13 21:30:00,Vaughan,L4L,43.806686,-79.557965
2025-04-10 12:00:00,Vaughan,L4H,43.839856,-79.556982
2024-10-16 22:00:00,Vaughan,L4H,43.839276,-79.556849
2024-12-15 22:30:00,King,L7B,43.935723,-79.554346
2025-05-27 14:00:00,Vaughan,L4H,43.859815,-79.55612
2025-06-05 17:50:00,Vaughan,L4L,43.820055,-79.557062
2025-08-15 16:30:00,Vaughan,L4H,43.861735,-79.555362
2024-12-06 14:28:00,Vaughan,L4H,43.852697,-79.555327
2024-10-27 13:07:00,Vaughan,L4L,43.810704,-79.556117
2025-07-19 04:36:00,Vaughan,L4L,43.798176,-79.55587
2024-07-17 03:48:00,King,L0G,44.012276,-79.550126
2025-04-06 01:40:00,King,L0G,44.012276,-79.550126
2024-12-04 17:00:00,Vaughan,L4L,43.810961,-79.554817
2024-09-04 15:00:00,Vaughan,L4L,43.810363,-79.554694
2025-03-12 22:30:00,Vaughan,L4L,43.805264,-79.554704
2025-03-05 00:09:00,Vaughan,L4H,43.838825,-79.553621
2024-11-12 00:30:00,Vaughan,L4H,43.843679,-79.553358
2025-02-26 07:50:00,King,L6A,43.910139,-79.550951
2024-09-15 04:00:00,Vaughan,L4H,43.833919,-79.552763
2025-07-29 03:06:00,Vaughan,L4H,43.843751,-79.551529
2024-12-22 05:29:00,Vaughan,L4H,43.828888,-79.551685
2024-12-22 05:29:00,Vaughan,L4H,43.828888,-79.551685
2024-11-03 00:54:00,Vaughan,L4L,43.795766,-79.552102
2025-04-12 05:46:00,King,L3Z,44.098013,-79.544066
2024-10-05 22:00:00,Vaughan,L6A,43.852497,-79.548301
2025-01-11 23:30:00,Vaughan,L6A,43.862176,-79.546938
2025-04-24 01:38:00,King,L7B,43.983156,-79.54313
2025-03-30 16:16:00,Vaughan,L4L,43.789394,-79.547471
2024-11-22 19:00:00,Vaughan,L6A,43.860252,-79.545388
2025-05-15 18:00:00,Vaughan,L6A,43.862522,-79.545253
2025-05-02 00:00:00,Vaughan,L6A,43.859185,-79.541747
2025-06-22 03:00:00,Vaughan,L4K,43.830891,-79.541006
2024-07-10 16:32:00,Vaughan,L6A,43.860667,-79.538736
2025-05-18 08:47:00,King,L6A,43.913587,-79.536906
2024-07-02 15:38:00,King,L7B,43.936474,-79.534518
2025-02-06 18:35:00,Vaughan,L6A,43.858125,-79.534267
2025-07-21 00:03:00,Vaughan,L6A,43.843752,-79.534092
2025-05-27 19:04:00,King,L7B,43.921151,-79.531716
2024-07-08 13:49:00,Vaughan,L6A,43.858367,-79.533203
2024-10-04 16:00:00,Vaughan,L6A,43.84221,-79.533318
2024-12-21 00:00:00,King,L7B,43.937206,-79.530461
2025-01-13 05:00:00,Vaughan,L4K,43.792075,-79.533504
2024-08-01 22:58:00,Vaughan,L4K,43.827617,-79.531896
2025-02-15 11:25:00,King,L7B,43.941936,-79.526581
2025-02-15 11:33:00,King,L7B,43.941936,-79.526581
2025-01-13 00:58:00,Vaughan,L4K,43.797606,-79.530063
2024-10-23 01:56:00,King,L7B,43.923589,-79.526834
2025-07-27 00:00:00,Vaughan,L6A,43.854672,-79.528108
2025-04-25 20:00:00,Vaughan,L6A,43.83818,-79.528024
2025-05-01 04:01:00,Vaughan,L6A,43.838095,-79.526254
2025-05-02 01:11:00,Vaughan,L6A,43.838095,-79.526254
2024-11-18 14:46:00,King,L7B,43.923312,-79.523904
2024-09-02 19:37:00,Vaughan,L6A,43.910721,-79.523253
2024-12-21 14:00:00,King,L7B,43.920061,-79.522965
2024-10-30 20:13:00,Vaughan,L6A,43.871768,-79.524157
2024-10-09 18:23:00,King,L7B,43.921672,-79.521581
2024-12-10 05:01:00,King,L7B,43.924479,-79.520578
2025-06-01 03:57:00,King,L7B,43.924479,-79.520578
2025-06-02 00:16:00,King,L7B,43.924479,-79.520578
2025-05-03 15:00:00,King,L7B,43.92325,-79.520038
2025-06-12 14:27:00,King,L7B,43.928078,-79.519792
2024-10-26 03:05:00,Vaughan,L6A,43.862664,-79.521079
2024-10-09 15:45:00,Vaughan,L6A,43.866765,-79.520224
2024-09-10 04:24:00,Vaughan,L4K,43.795907,-79.521744
2024-11-21 05:00:00,Vaughan,L4K,43.795907,-79.521744
2025-01-29 05:00:00,Vaughan,L4K,43.795907,-79.521744
2025-06-17 22:40:00,Vaughan,L4K,43.794987,-79.521308
2024-10-12 04:01:00,Vaughan,L6A,43.848804,-79.519657
2025-06-28 03:30:00,Vaughan,L4K,43.840704,-79.517553
2025-07-06 08:09:00,King,L7B,43.928981,-79.51522
2025-07-05 02:23:00,King,L7B,43.924992,-79.514919
2024-10-25 15:00:00,Vaughan,L6A,43.849609,-79.516761
2024-09-27 04:11:00,East Gwillimbury,L9N,44.106282,-79.509444
2025-07-09 16:15:00,Vaughan,L6A,43.85081,-79.515716
2025-06-22 04:00:00,Vaughan,L4K,43.83485,-79.515655
2024-07-26 17:00:00,Vaughan,L6A,43.85387,-79.512148
2025-07-18 04:23:00,East Gwillimbury,L9N,44.097104,-79.506026
2025-03-16 19:00:00,East Gwillimbury,L9N,44.107088,-79.505655
2025-03-01 21:00:00,King,L7B,43.952176,-79.509229
2025-03-28 21:00:00,East Gwillimbury,L9N,44.105166,-79.505106
2024-12-19 12:00:00,Vaughan,L4K,43.835988,-79.511633
2025-06-06 16:24:00,Vaughan,L4K,43.835988,-79.511633
2024-10-08 15:15:00,Vaughan,L6A,43.849424,-79.511148
2024-08-05 14:26:00,King,L7B,43.927108,-79.508337
2024-07-05 04:01:00,East Gwillimbury,L9N,44.110581,-79.50365
2024-09-26 21:17:00,Newmarket,L3X,44.045502,-79.504479
2025-02-06 22:10:00,Newmarket,L3X,44.050782,-79.503538
2024-07-18 23:00:00,Newmarket,L3X,44.039298,-79.503444
2025-03-06 13:00:00,Vaughan,L6A,43.852222,-79.507929
2025-05-23 15:45:00,Vaughan,L6A,43.857971,-79.507146
2024-07-13 01:47:00,Vaughan,L6A,43.840293,-79.506626
2025-06-27 04:00:00,Vaughan,L6A,43.840293,-79.506626
2025-07-21 19:02:00,Vaughan,L6A,43.838555,-79.506249
2025-04-02 00:03:00,East Gwillimbury,L9N,44.127805,-79.498515
2024-11-23 16:16:00,Vaughan,L6A,43.860791,-79.504934
2024-12-29 02:21:00,Newmarket,L3X,44.04489,-79.500095
2024-08-31 14:30:00,Vaughan,L6A,43.856225,-79.504405
2024-12-15 17:00:00,Vaughan,L6A,43.860414,-79.503801
2024-08-20 14:13:00,Newmarket,L3X,44.053008,-79.498281
2024-08-31 22:00:00,Vaughan,L6A,43.851717,-79.503199
2025-03-13 19:41:00,Vaughan,L6A,43.839948,-79.502647
2024-10-12 16:00:00,Newmarket,L3X,44.051245,-79.497019
2025-07-30 21:05:00,East Gwillimbury,L9N,44.120426,-79.494611
2024-11-17 09:02:00,Vaughan,L4G,43.888474,-79.500358
2024-12-29 09:15:00,Vaughan,L4G,43.889991,-79.499564
2025-02-14 01:19:00,Vaughan,L4G,43.889991,-79.499564
2025-04-20 05:29:00,Newmarket,L3X,44.038879,-79.495677
2025-05-22 18:00:00,East Gwillimbury,L9N,44.10339,-79.493985
2024-11-24 21:14:00,Georgina,L4P,44.266719,-79.489248
2024-11-25 00:00:00,Georgina,L4P,44.266719,-79.489248
2025-03-19 21:45:00,Georgina,L4P,44.266719,-79.489248
2025-07-26 02:30:00,Aurora,L4G,44.006356,-79.495274
2024-07-09 08:18:00,Newmarket,L9N,44.066746,-79.493546
2025-08-08 12:03:00,Newmarket,L3X,44.051457,-79.493873
2025-01-23 17:48:00,East Gwillimbury,L9N,44.098611,-79.4924
2024-12-04 21:59:00,Aurora,L4G,44.009715,-79.494601
2025-01-25 09:20:00,Vaughan,L6A,43.856841,-79.498111
2025-06-09 04:38:00,Newmarket,L3X,44.034407,-79.493384
2024-11-26 22:00:00,Vaughan,L6A,43.88429,-79.497016
2024-12-24 16:25:00,Vaughan,L4G,43.892418,-79.496738
2025-03-27 06:15:00,Vaughan,L4G,43.887099,-79.49646
2024-10-29 23:18:00,Aurora,L4G,44.014459,-79.493111
2025-06-08 19:45:00,Newmarket,L3X,44.053086,-79.491979
2025-03-10 20:00:00,Newmarket,L3X,44.054889,-79.491496
2024-08-10 17:19:00,Aurora,L4G,44.003048,-79.492766
2025-01-28 15:50:00,Vaughan,L6A,43.857301,-79.496011
2025-07-11 10:59:00,Vaughan,L4K,43.800855,-79.497387
2025-01-17 23:30:00,Aurora,L4G,43.999738,-79.492147
2025-01-21 03:06:00,Aurora,L4G,43.999738,-79.492147
2024-07-27 16:00:00,Aurora,L4G,44.011662,-79.491568
2024-12-22 00:28:00,Aurora,L4G,44.011662,-79.491568
2024-09-15 16:59:00,Georgina,L4P,44.261572,-79.485033
2025-07-26 04:34:00,Georgina,L4P,44.261572,-79.485033
2024-08-15 00:00:00,Vaughan,L6A,43.85307,-79.495352
2025-08-04 23:53:00,Newmarket,L3X,44.034785,-79.4897
2025-04-30 12:01:00,East Gwillimbury,L9N,44.08243,-79.487759
2024-08-05 16:30:00,Newmarket,L3X,44.060388,-79.487929
2024-08-05 08:11:00,Aurora,L4G,44.010917,-79.488622
2025-07-10 21:08:00,Georgina,L4P,44.242342,-79.482567
2024-12-28 21:00:00,Newmarket,L3X,44.035293,-79.487373
2025-03-17 02:00:00,Aurora,L4G,44.00245,-79.488104
2025-06-19 05:00:00,Newmarket,L3Y,44.063791,-79.486524
2025-08-10 21:03:00,Newmarket,L3Y,44.049687,-79.486494
2024-07-31 20:07:00,Georgina,L4P,44.295468,-79.480062
2025-06-08 00:00:00,Vaughan,L6A,43.85832,-79.49019
2025-04-09 03:18:00,Vaughan,L6A,43.851706,-79.490307
2025-04-03 00:14:00,Aurora,L4G,44.009843,-79.485729
2025-07-29 01:30:00,Aurora,L4G,43.971592,-79.48634
2024-11-28 22:45:00,Aurora,L4G,44.013258,-79.484987
2025-01-05 02:00:00,Aurora,L4G,44.013258,-79.484987
2024-08-20 14:55:00,Georgina,L4P,44.195722,-79.480223
2024-08-21 13:17:00,Vaughan,L6A,43.851231,-79.488972
2025-01-06 08:44:00,Vaughan,L6A,43.851231,-79.488972
2024-11-26 14:17:00,Vaughan,L4K,43.799618,-79.489547
2025-02-24 19:30:00,King,L4G,43.957477,-79.485551
2025-03-04 01:48:00,Aurora,L4G,43.980467,-79.484295
2024-09-01 16:00:00,Vaughan,L6A,43.851647,-79.487137
2025-02-28 07:00:00,Vaughan,L6A,43.851647,-79.487137
2024-10-12 16:00:00,Aurora,L4G,44.004339,-79.48323
2024-11-16 04:00:00,Georgina,L4P,44.203399,-79.477687
2025-03-22 23:00:00,Aurora,L4G,44.006675,-79.482715
2025-07-19 15:28:00,Georgina,L4P,44.200063,-79.477721
2024-11-20 15:00:00,Vaughan,L4K,43.839271,-79.486685
2024-11-19 23:29:00,Richmond Hill,L4G,43.956512,-79.483605
2025-04-30 13:00:00,Newmarket,L3Y,44.065788,-79.480562
2025-06-03 06:50:00,Vaughan,L6A,43.874316,-79.485278
2024-12-11 00:10:00,Aurora,L4G,44.014245,-79.481064
2024-12-11 15:46:00,Aurora,L4G,44.014245,-79.481064
2025-03-14 04:00:00,Vaughan,L4K,43.838776,-79.485266
2024-08-20 04:00:00,Aurora,L4G,43.985434,-79.481416
2025-05-12 19:34:00,Newmarket,L3Y,44.068854,-79.479239
2025-07-27 05:44:00,Newmarket,L3Y,44.065304,-79.478455
2024-11-16 02:30:00,Richmond Hill,L4E,43.941973,-79.481508
2024-08-05 19:00:00,Aurora,L4G,44.007384,-79.479466
2024-07-18 15:30:00,Aurora,L4G,43.990286,-79.479671
2025-03-06 16:30:00,Aurora,L4G,43.990286,-79.479671
2025-03-16 04:00:00,Vaughan,L4J,43.838457,-79.483525
2024-07-12 15:20:00,Vaughan,L6A,43.85914,-79.482464
2024-10-15 01:31:00,Newmarket,L3Y,44.055438,-79.477253
2025-06-29 16:04:00,Newmarket,L3Y,44.061678,-79.476957
2025-07-30 22:00:00,Georgina,L4P,44.239192,-79.472316
2025-05-18 17:14:00,Georgina,L4P,44.20349,-79.473005
2024-11-30 11:59:00,Georgina,L4P,44.243682,-79.471673
2025-06-08 08:29:00,Richmond Hill,L4E,43.952346,-79.479093
2025-05-18 14:37:00,Vaughan,L4K,43.791006,-79.48306
2025-01-02 16:28:00,Newmarket,L3Y,44.053361,-79.476296
2025-03-06 13:08:00,Newmarket,L3Y,44.053361,-79.476296
2025-04-03 04:00:00,Newmarket,L3Y,44.053361,-79.476296
2025-06-13 00:14:00,Georgina,L4P,44.205477,-79.472376
2025-02-11 00:00:00,Aurora,L4G,43.991521,-79.477827
2024-09-21 17:17:00,Georgina,L4P,44.270837,-79.470555
2024-12-21 21:00:00,Aurora,L4G,44.01595,-79.477017
2025-07-18 12:16:00,Vaughan,L6A,43.878111,-79.480426
2025-06-03 16:19:00,Newmarket,L3Y,44.063922,-79.475651
2025-07-27 23:50:00,Newmarket,L3Y,44.063922,-79.475651
2025-03-15 08:00:00,Georgina,L4P,44.20463,-79.471992
2024-12-30 02:25:00,Vaughan,L6A,43.8904,-79.479848
2024-11-12 17:23:00,Aurora,L4G,43.972833,-79.477712
2024-09-30 07:55:00,Georgina,L4P,44.237795,-79.470629
2024-07-08 16:07:00,Aurora,L4G,43.977639,-79.477012
2025-03-07 01:20:00,Richmond Hill,L4E,43.935613,-79.477945
2025-03-08 05:00:00,Vaughan,L4J,43.839853,-79.480237
2024-08-05 03:51:00,Vaughan,L4J,43.829523,-79.480053
2024-08-06 00:02:00,Vaughan,L4J,43.829523,-79.480053
2024-10-15 16:21:00,Vaughan,L4J,43.838481,-79.479801
2024-10-28 15:00:00,Newmarket,L3X,44.025776,-79.474961
2025-04-17 16:24:00,Newmarket,L3X,44.025776,-79.474961
2025-05-01 04:01:00,East Gwillimbury,L9N,44.094282,-79.4732
2025-06-03 01:24:00,Richmond Hill,L4E,43.949928,-79.476791
2025-02-19 20:36:00,Georgina,L4P,44.210172,-79.469857
2024-12-17 00:21:00,Aurora,L4G,43.996045,-79.475214
2025-04-09 17:00:00,Georgina,L4P,44.236407,-79.468966
2025-04-09 19:11:00,East Gwillimbury,L9N,44.121446,-79.471815
2025-01-18 14:00:00,Vaughan,L4J,43.831343,-79.479152
2025-05-19 01:23:00,Georgina,L4P,44.218472,-79.46909
2025-01-29 14:00:00,Georgina,L4P,44.247942,-79.468242
2025-08-03 17:00:00,Vaughan,L4E,43.920902,-79.476642
2024-09-08 16:00:00,Aurora,L4G,44.001568,-79.474554
2024-10-29 23:53:00,Aurora,L4G,43.962361,-79.475553
2024-08-01 20:30:00,Aurora,L4G,44.000338,-79.474509
2025-01-13 21:12:00,Georgina,L4P,44.198873,-79.469257
2025-04-30 23:09:00,Georgina,L4P,44.198873,-79.469257
2025-01-04 04:00:00,Vaughan,L4K,43.797584,-79.479347
2024-11-12 21:16:00,Georgina,L4P,44.198148,-79.469067
2025-05-21 06:55:00,Vaughan,L6A,43.847385,-79.478007
2025-02-17 00:30:00,Aurora,L4G,44.005001,-79.473492
2025-08-12 04:00:00,Aurora,L4G,44.005001,-79.473492
2024-07-28 14:00:00,Newmarket,L3Y,44.067329,-79.471867
2024-10-28 09:30:00,Newmarket,L3X,44.029577,-79.472741
2024-12-28 21:55:00,Newmarket,L3X,44.029577,-79.472741
2025-02-11 16:24:00,Aurora,L4G,43.98816,-79.473373
2024-07-02 22:36:00,Newmarket,L3X,44.027708,-79.472334
2024-12-03 21:00:00,Vaughan,L4J,43.82982,-79.477006
2025-04-01 00:34:00,Georgina,L4P,44.238761,-79.466427
2024-11-18 20:50:00,East Gwillimbury,L4P,44.192578,-79.467592
2025-06-21 14:00:00,Georgina,L4P,44.214519,-79.466945
2024-07-16 22:09:00,Vaughan,L4J,43.8239,-79.476959
2025-01-04 17:17:00,Vaughan,L4J,43.800113,-79.477304
2025-01-17 22:52:00,Vaughan,L4K,43.791583,-79.477314
2025-02-01 18:49:00,Vaughan,L4K,43.791583,-79.477314
2024-12-23 17:00:00,Newmarket,L3Y,44.057097,-79.470307
2024-12-29 22:40:00,Newmarket,L3Y,44.057097,-79.470307
2024-12-30 21:20:00,Newmarket,L3Y,44.057097,-79.470307
2025-01-02 18:18:00,Newmarket,L3Y,44.057097,-79.470307
2025-01-24 00:15:00,Richmond Hill,L4E,43.943511,-79.473089
2025-01-17 00:00:00,Aurora,L4G,43.994387,-79.471686
2025-03-11 23:43:00,Newmarket,L3Y,44.034885,-79.470627
2025-07-25 14:52:00,Aurora,L4G,43.988526,-79.471713
2024-12-28 17:20:00,Richmond Hill,L4E,43.951641,-79.47253
2025-03-13 16:00:00,Aurora,L4G,43.992995,-79.471308
2025-08-01 04:01:00,Aurora,L4G,43.992995,-79.471308
2024-12-19 01:17:00,Vaughan,L6A,43.882764,-79.473948
2025-04-10 06:40:00,Vaughan,L4J,43.803473,-79.475789
2024-11-30 01:36:00,Vaughan,L6A,43.890258,-79.473322
2025-08-14 13:30:00,Richmond Hill,L4E,43.919215,-79.472409
2025-04-13 14:54:00,Georgina,L4P,44.243,-79.463911
2024-10-25 01:13:00,Newmarket,L3Y,44.03785,-79.469124
2024-12-03 21:17:00,Newmarket,L3Y,44.03785,-79.469124
2024-10-18 07:03:00,Newmarket,L3Y,44.040209,-79.468886
2025-04-02 21:49:00,Richmond Hill,L4E,43.920023,-79.471774
2025-01-05 23:19:00,Aurora,L4G,43.97275,-79.470336
2024-07-19 23:30:00,Vaughan,L6A,43.880436,-79.472698
2025-02-03 18:45:00,Vaughan,L6A,43.874937,-79.472229
2024-08-22 08:01:00,Vaughan,L4K,43.792292,-79.474333
2024-12-11 23:37:00,Richmond Hill,L4E,43.937136,-79.470633
2025-08-07 17:00:00,Aurora,L4G,44.01295,-79.468545
2024-08-14 19:00:00,Aurora,L4G,44.004111,-79.468658
2025-03-03 05:22:00,Aurora,L4G,44.004111,-79.468658
2025-06-22 07:00:00,Aurora,L4G,44.004111,-79.468658
2025-06-07 23:32:00,Aurora,L4G,44.011114,-79.468197
2024-08-30 17:19:00,Aurora,L4G,44.002772,-79.468327
2024-07-02 15:13:00,Georgina,L4P,44.223614,-79.462375
2025-01-28 02:57:00,Richmond Hill,L4E,43.946808,-79.469483
2025-08-12 04:14:00,Richmond Hill,L4E,43.946808,-79.469483
2024-12-01 08:52:00,Richmond Hill,L4E,43.954332,-79.468967
2025-01-10 15:14:00,Aurora,L4G,44.000309,-79.467731
2025-04-28 14:26:00,Aurora,L4G,44.000309,-79.467731
2025-04-28 15:10:00,Aurora,L4G,44.000309,-79.467731
2025-06-25 16:15:00,Aurora,L4G,44.000309,-79.467731
2024-09-03 05:30:00,Newmarket,L3Y,44.057959,-79.466177
2024-08-28 22:09:00,Newmarket,L3Y,44.051079,-79.466147
2024-11-06 21:31:00,Vaughan,L4J,43.797207,-79.472532
2025-04-23 09:10:00,Georgina,L4P,44.220119,-79.461472
2025-07-28 13:30:00,Aurora,L4G,44.008512,-79.466875
2024-11-11 19:00:00,Aurora,L4G,44.007731,-79.466873
2025-04-03 23:02:00,Newmarket,L3Y,44.043196,-79.465871
2025-06-02 03:00:00,Vaughan,L6A,43.851386,-79.470021
2025-05-05 15:30:00,Georgina,L4P,44.195764,-79.461069
2025-08-07 15:08:00,Georgina,L4P,44.195764,-79.461069
2025-08-08 20:16:00,Vaughan,L4J,43.824934,-79.47057
2025-08-08 02:00:00,Georgina,L4P,44.215434,-79.460494
2024-08-09 23:00:00,Vaughan,L4J,43.831487,-79.470384
2024-08-17 04:00:00,Vaughan,L4J,43.807789,-79.470981
2025-04-28 21:00:00,East Gwillimbury,L9N,44.090853,-79.463648
2025-01-11 04:09:00,Georgina,L4P,44.246344,-79.459573
2024-12-28 14:00:00,Vaughan,L6A,43.849877,-79.469745
2024-08-18 19:34:00,Vaughan,L6A,43.881237,-79.468931
2024-11-20 20:30:00,Aurora,L4G,44.001809,-79.465801
2024-09-30 22:30:00,Georgina,L4P,44.213815,-79.460267
2024-10-08 16:06:00,Georgina,L4P,44.213815,-79.460267
2024-11-29 19:00:00,Aurora,L4G,44.001774,-79.465704
2024-08-20 16:00:00,Richmond Hill,L4E,43.90738,-79.468089
2024-10-16 14:41:00,Aurora,L4G,44.013444,-79.465214
2025-04-25 14:00:00,Georgina,L4P,44.196572,-79.460338
2024-11-13 19:30:00,Vaughan,L4J,43.830293,-79.469695
2024-09-29 01:46:00,Vaughan,L4J,43.78891,-79.47048
2025-05-31 02:04:00,Vaughan,L4J,43.78891,-79.47048
2025-08-14 03:50:00,Vaughan,L6A,43.886536,-79.467906
2025-04-27 08:00:00,Vaughan,L4J,43.810221,-79.469619
2025-01-02 13:34:00,Newmarket,L3Y,44.064188,-79.463064
2024-09-07 13:00:00,Newmarket,L3X,44.028657,-79.46392
2024-07-05 16:00:00,Vaughan,L4J,43.787275,-79.470078
2024-07-17 13:15:00,Vaughan,L4J,43.787275,-79.470078
2024-07-17 13:15:00,Vaughan,L4J,43.787275,-79.470078
2025-02-01 09:54:00,Richmond Hill,L4E,43.946289,-79.465603
2025-02-05 03:00:00,Richmond Hill,L4E,43.946289,-79.465603
2025-01-14 19:00:00,Richmond Hill,L4G,43.957666,-79.465194
2025-04-23 07:05:00,Richmond Hill,L4G,43.957666,-79.465194
2024-07-09 22:56:00,Aurora,L4G,43.976163,-79.464701
2025-03-01 05:00:00,Aurora,L4G,43.976163,-79.464701
2025-07-08 20:16:00,Vaughan,L4J,43.800095,-79.46907
2024-08-23 19:57:00,Georgina,L4P,44.203511,-79.458617
2024-12-29 23:56:00,Richmond Hill,L4E,43.951548,-79.465103
2024-11-04 21:30:00,Georgina,L4P,44.204149,-79.45855
2024-07-27 15:30:00,Newmarket,L3Y,44.067912,-79.461979
2024-12-01 22:53:00,Vaughan,L4J,43.793559,-79.46884
2025-04-21 01:06:00,Vaughan,L4J,43.848759,-79.467354
2024-07-20 22:45:00,Vaughan,L6A,43.855746,-79.467156
2024-09-19 09:29:00,Vaughan,L4J,43.842375,-79.467224
2025-03-03 09:34:00,Vaughan,L4J,43.842375,-79.467224
2025-01-16 19:13:00,Vaughan,L4J,43.814634,-79.467455
2024-10-04 15:25:00,Vaughan,L4J,43.799739,-79.467725
2025-01-01 05:00:00,Richmond Hill,L4E,43.949878,-79.463868
2024-12-01 00:00:00,Aurora,L4G,43.968093,-79.463376
2024-12-01 02:51:00,Aurora,L4G,43.968093,-79.463376
2025-08-07 21:00:00,Aurora,L4G,44.005402,-79.462395
2025-03-20 01:00:00,Georgina,L4P,44.194813,-79.457443
2024-12-28 07:35:00,Richmond Hill,L4E,43.947512,-79.463839
2025-05-21 14:19:00,Aurora,L4G,44.002466,-79.462324
2025-03-24 04:00:00,Newmarket,L3Y,44.044221,-79.461239
2024-10-10 18:21:00,Newmarket,L3Y,44.054208,-79.460925
2025-06-16 13:44:00,Aurora,L4G,43.99546,-79.462418
2025-06-26 20:14:00,Newmarket,L3Y,44.05823,-79.460794
2025-06-26 20:14:00,Newmarket,L3Y,44.05823,-79.460794
2024-12-04 06:30:00,Newmarket,L3Y,44.053245,-79.460486
2024-12-08 03:09:00,Newmarket,L3Y,44.053245,-79.460486
2025-03-31 15:30:00,Aurora,L4G,44.00092,-79.461831
2025-06-07 16:45:00,Aurora,L4G,43.999198,-79.461743
2025-01-08 23:00:00,Vaughan,L6A,43.85398,-79.465471
2025-04-20 07:54:00,East Gwillimbury,L0G,44.129518,-79.458119
2025-08-02 23:31:00,Newmarket,L3Y,44.05423,-79.459605
2025-08-02 23:31:00,Newmarket,L3Y,44.05423,-79.459605
2024-07-23 14:59:00,Richmond Hill,L4S,43.901714,-79.463203
2024-12-23 06:46:00,Vaughan,L4J,43.811672,-79.465249
2024-12-24 17:00:00,Vaughan,L4J,43.811672,-79.465249
2024-12-03 12:30:00,Vaughan,L4J,43.82784,-79.464816
2024-08-27 18:07:00,Richmond Hill,L4E,43.914043,-79.462573
2025-05-29 19:38:00,East Gwillimbury,L9N,44.126212,-79.456994
2025-05-15 15:00:00,Richmond Hill,L4S,43.903364,-79.462731
2024-08-09 03:30:00,Richmond Hill,L4C,43.878058,-79.462638
2025-07-28 20:13:00,East Gwillimbury,L0G,44.156941,-79.455161
2025-06-12 15:39:00,Richmond Hill,L4S,43.903618,-79.461541
2024-10-15 14:50:00,Vaughan,L4J,43.807228,-79.46401
2024-08-15 04:00:00,Richmond Hill,L4E,43.92201,-79.460665
2024-07-27 01:50:00,Richmond Hill,L4C,43.871136,-79.461892
2024-08-18 06:33:00,East Gwillimbury,L9N,44.116019,-79.455491
2025-07-26 23:01:00,Aurora,L4G,44.015934,-79.457957
2024-09-10 15:40:00,Richmond Hill,L4E,43.916341,-79.460469
2024-09-14 18:49:00,Newmarket,L3Y,44.052472,-79.456785
2025-06-22 04:00:00,Richmond Hill,L4C,43.890864,-79.460511
2025-08-07 04:16:00,Georgina,L4P,44.221727,-79.451733
2025-07-01 03:00:00,Vaughan,L4J,43.796991,-79.462736
2024-07-26 16:37:00,Richmond Hill,L4C,43.875988,-79.460466
2025-07-29 01:25:00,Newmarket,L3Y,44.059823,-79.455477
2024-09-16 13:37:00,Richmond Hill,L4C,43.874083,-79.46027
2025-04-12 21:06:00,Richmond Hill,L4C,43.856365,-79.460652
2024-08-03 20:00:00,Vaughan,L4J,43.840011,-79.460753
2024-09-01 23:07:00,Aurora,L4G,44.019061,-79.455822
2024-08-18 01:00:00,Richmond Hill,L4C,43.886767,-79.459113
2024-08-10 18:50:00,Vaughan,L4J,43.835109,-79.460307
2025-01-05 04:00:00,Newmarket,L3Y,44.046362,-79.45474
2024-08-26 03:56:00,Richmond Hill,L4E,43.954987,-79.457055
2024-12-02 23:05:00,Vaughan,L4J,43.799612,-79.460672
2025-06-08 00:34:00,Vaughan,L4J,43.799612,-79.460672
2024-11-10 23:30:00,Newmarket,L3Y,44.050044,-79.454042
2025-03-20 04:01:00,Richmond Hill,L4C,43.864397,-79.458843
2024-11-11 02:40:00,Newmarket,L3Y,44.058396,-79.45368
2024-08-17 04:05:00,Richmond Hill,L4E,43.925182,-79.457115
2025-08-16 18:00:00,Richmond Hill,L4E,43.925182,-79.457115
2024-11-14 17:00:00,Richmond Hill,L4C,43.860921,-79.458731
2025-01-22 19:10:00,Richmond Hill,L4C,43.870136,-79.458473
2025-08-16 17:29:00,Newmarket,L3Y,44.06269,-79.453348
2024-07-19 14:20:00,Richmond Hill,L4C,43.886114,-79.457742
2025-05-24 22:49:00,Richmond Hill,L4C,43.886114,-79.457742
2024-12-13 01:39:00,Vaughan,L4J,43.814104,-79.459593
2025-05-12 15:27:00,Richmond Hill,L4C,43.874594,-79.457936
2024-10-12 14:00:00,Richmond Hill,L4C,43.867775,-79.458072
2024-08-18 18:23:00,Vaughan,L4J,43.812432,-79.459466
2024-08-30 20:03:00,Newmarket,L3Y,44.05231,-79.453231
2024-10-07 02:00:00,Richmond Hill,L4C,43.887948,-79.457388
2025-01-13 15:30:00,Newmarket,L3Y,44.046562,-79.453207
2025-06-06 21:55:00,Newmarket,L3Y,44.046562,-79.453207
2024-11-13 01:00:00,Richmond Hill,L4E,43.915224,-79.456277
2024-09-01 15:10:00,Richmond Hill,L4C,43.866193,-79.457422
2025-03-01 00:00:00,Vaughan,L4J,43.835574,-79.458033
2024-10-13 12:34:00,Vaughan,L4J,43.814251,-79.45851
2024-08-01 04:00:00,Richmond Hill,L4E,43.919117,-79.455622
2025-07-30 19:50:00,Richmond Hill,L4E,43.921311,-79.455532
2024-10-01 18:20:00,Richmond Hill,L4C,43.871389,-79.456598
2025-05-25 02:15:00,Richmond Hill,L4C,43.871389,-79.456598
2025-02-01 05:00:00,Newmarket,L3Y,44.041944,-79.452125
2025-04-18 17:00:00,Richmond Hill,L4C,43.870294,-79.456559
2024-11-02 01:30:00,Vaughan,L4J,43.820171,-79.457693
2024-11-13 23:55:00,Vaughan,L4J,43.820171,-79.457693
2024-12-07 05:00:00,Richmond Hill,L4C,43.866425,-79.456343
2024-08-22 13:30:00,Richmond Hill,L4E,43.948769,-79.453918
2025-03-12 12:30:00,Richmond Hill,L4C,43.876334,-79.455787
2024-10-24 22:30:00,Vaughan,L4J,43.833148,-79.456867
2025-03-15 07:15:00,Richmond Hill,L4C,43.872365,-79.455772
2024-11-16 23:09:00,Richmond Hill,L4C,43.891311,-79.455274
2025-03-09 20:00:00,East Gwillimbury,L9N,44.092585,-79.449801
2024-10-23 13:41:00,Richmond Hill,L4E,43.939879,-79.4536
2025-07-20 04:53:00,Newmarket,L3Y,44.071947,-79.450056
2024-08-22 07:32:00,Richmond Hill,L4C,43.859234,-79.455516
2024-08-20 17:50:00,Vaughan,L4J,43.8141,-79.45666
2024-11-22 23:51:00,Vaughan,L4J,43.821706,-79.456227
2024-09-09 10:22:00,Richmond Hill,L4C,43.854149,-79.455295
2024-10-03 13:11:00,Newmarket,L3Y,44.0522,-79.449888
2025-07-07 08:20:00,Newmarket,L3Y,44.0522,-79.449888
2025-01-21 14:02:00,Richmond Hill,L4E,43.91309,-79.453503
2024-10-30 23:28:00,Aurora,L4G,44.024088,-79.45046
2025-07-29 03:20:00,Newmarket,L3Y,44.071978,-79.449105
2025-06-20 04:00:00,Newmarket,L3Y,44.056005,-79.449471
2025-08-01 08:04:00,Newmarket,L3Y,44.056005,-79.449471
2024-09-12 05:35:00,Richmond Hill,L4S,43.903075,-79.453123
2025-06-30 17:55:00,Richmond Hill,L4E,43.951885,-79.451768
2024-07-18 13:55:00,Richmond Hill,L4E,43.908856,-79.452727
2024-08-25 01:15:00,Aurora,L4G,43.993609,-79.450382
2024-09-26 15:23:00,Aurora,L4G,43.993609,-79.450382
2025-05-23 20:00:00,Richmond Hill,L4C,43.861005,-79.453782
2025-03-04 07:00:00,East Gwillimbury,L9N,44.100152,-79.447548
2025-03-07 00:12:00,East Gwillimbury,L9N,44.100152,-79.447548
2024-10-20 04:00:00,Newmarket,L3Y,44.072637,-79.448101
2024-08-21 23:26:00,East Gwillimbury,L9N,44.091847,-79.447472
2024-11-17 23:09:00,Richmond Hill,L4J,43.841721,-79.453963
2024-11-12 21:51:00,Vaughan,L4J,43.80084,-79.454647
2025-07-20 02:12:00,Newmarket,L3Y,44.075123,-79.447116
2024-07-24 05:17:00,Richmond Hill,L4C,43.886001,-79.451951
2025-06-13 16:01:00,Newmarket,L3Y,44.062334,-79.447066
2024-09-08 19:04:00,Richmond Hill,L4E,43.926083,-79.450445
2025-04-20 01:20:00,Richmond Hill,L4J,43.844531,-79.452192
2024-10-12 13:30:00,Richmond Hill,L4C,43.850453,-79.451784
2024-10-13 01:00:00,Richmond Hill,L4C,43.850453,-79.451784
2024-12-09 23:27:00,Richmond Hill,L4C,43.860516,-79.451347
2025-02-19 13:45:00,Richmond Hill,L4E,43.964891,-79.448431
2025-01-22 13:57:00,Aurora,L4G,44.019198,-79.446965
2025-01-03 23:30:00,Richmond Hill,L4C,43.848847,-79.450921
2024-11-20 08:40:00,Richmond Hill,L4E,43.956493,-79.448074
2024-07-23 20:30:00,Richmond Hill,L4S,43.897453,-79.449446
2025-01-18 00:12:00,Richmond Hill,L4C,43.864536,-79.450155
2024-08-26 23:17:00,Newmarket,L3Y,44.06284,-79.444833
2024-07-25 20:20:00,Richmond Hill,L4C,43.873541,-79.44976
2024-07-05 17:29:00,Vaughan,L4J,43.821094,-79.451099
2024-08-17 00:23:00,Aurora,L4G,44.023265,-79.445586
2024-11-15 23:00:00,Vaughan,L4J,43.799547,-79.450853
2024-08-24 08:00:00,Richmond Hill,L4S,43.897705,-79.448303
2024-07-26 01:00:00,Richmond Hill,L4C,43.890082,-79.448497
2024-10-13 00:34:00,Vaughan,L4J,43.818133,-79.449956
2025-01-15 18:00:00,Vaughan,L4J,43.798594,-79.450288
2024-12-16 05:01:00,Newmarket,L3X,44.03071,-79.444191
2025-04-06 21:50:00,Newmarket,L3Y,44.072623,-79.442846
2024-11-26 14:18:00,Richmond Hill,L4C,43.843371,-79.448715
2025-02-25 05:00:00,Richmond Hill,L4C,43.86488,-79.448157
2024-12-05 23:30:00,Richmond Hill,L4C,43.86116,-79.448184
2025-02-16 00:50:00,Richmond Hill,L4C,43.839495,-79.44874
2025-05-10 00:31:00,Richmond Hill,L4C,43.839495,-79.44874
2025-02-12 15:00:00,Vaughan,L4J,43.824036,-79.449073
2025-03-21 22:15:00,Vaughan,L4J,43.815303,-79.449264
2025-03-21 23:34:00,Richmond Hill,L4E,43.948635,-79.445773
2025-02-08 01:27:00,Newmarket,L3Y,44.059782,-79.442802
2025-02-14 23:42:00,Newmarket,L3Y,44.059782,-79.442802
2025-02-12 16:28:00,Aurora,L4G,44.017001,-79.443854
2025-06-27 21:00:00,Vaughan,L4J,43.807137,-79.449229
2024-07-14 06:23:00,Vaughan,L4J,43.824295,-79.448116
2024-11-20 23:30:00,Vaughan,L4J,43.824295,-79.448116
2025-07-26 02:50:00,East Gwillimbury,L9N,44.106302,-79.440747
2024-10-01 02:00:00,Newmarket,L3Y,44.065101,-79.441811
2024-09-10 10:30:00,Richmond Hill,L4E,43.956286,-79.444619
2024-09-23 10:00:00,Newmarket,L3Y,44.077392,-79.441216
2025-04-27 05:00:00,Richmond Hill,L4C,43.879831,-79.446178
2024-12-22 01:35:00,Vaughan,L4J,43.805338,-79.447894
2025-05-07 21:00:00,Vaughan,L4J,43.824456,-79.447047
2025-06-29 03:53:00,Richmond Hill,L4C,43.861572,-79.445997
2025-01-12 12:00:00,Aurora,L4G,44.012112,-79.441946
2025-02-22 20:00:00,Vaughan,L4J,43.802263,-79.447232
2025-02-19 21:00:00,Richmond Hill,L4C,43.880569,-79.445153
2025-06-13 07:00:00,Richmond Hill,L4E,43.91482,-79.444261
2025-03-13 04:00:00,Newmarket,L3X,44.037277,-79.440964
2025-03-13 00:30:00,Richmond Hill,L4C,43.876702,-79.445123
2024-10-27 03:22:00,Richmond Hill,L4C,43.836893,-79.445978
2025-01-24 23:54:00,Richmond Hill,L4E,43.955908,-79.442783
2025-01-08 16:45:00,Richmond Hill,L4E,43.909673,-79.443967
2025-05-08 01:10:00,Richmond Hill,L4E,43.951015,-79.442825
2025-07-29 04:02:00,East Gwillimbury,L9N,44.102011,-79.438709
2025-02-13 00:25:00,Newmarket,L3X,44.038388,-79.440229
2024-07-21 18:00:00,East Gwillimbury,L9N,44.092187,-79.438624
2025-03-08 14:11:00,Newmarket,L3Y,44.06489,-79.439246
2025-01-10 22:20:00,Richmond Hill,L4C,43.838414,-79.44515
2025-06-28 04:42:00,Richmond Hill,L4C,43.866662,-79.444309
2024-12-27 16:16:00,Vaughan,L4J,43.822231,-79.445329
2024-08-10 23:50:00,Richmond Hill,L4E,43.959578,-79.44175
2025-03-01 03:53:00,Richmond Hill,L4E,43.964661,-79.441481
2025-07-26 02:45:00,East Gwillimbury,L9N,44.108307,-79.437642
2024-12-26 23:17:00,Richmond Hill,L4C,43.847933,-79.444455
2025-06-13 02:45:00,Richmond Hill,L4C,43.847933,-79.444455
2025-02-20 00:03:00,Richmond Hill,L4C,43.845534,-79.444489
2024-11-20 19:10:00,Newmarket,L3Y,44.072567,-79.438427
2025-03-07 23:59:00,Vaughan,L4J,43.820791,-79.44498
2025-05-21 15:30:00,East Gwillimbury,L4P,44.182168,-79.435466
2024-08-01 22:15:00,Vaughan,L4J,43.818045,-79.44488
2025-02-07 23:28:00,Newmarket,L3Y,44.068994,-79.438168
2024-12-11 07:58:00,Richmond Hill,L4E,43.916121,-79.442173
2024-10-29 18:25:00,Newmarket,L3X,44.033758,-79.438914
2024-11-06 23:23:00,Vaughan,L4J,43.823317,-79.444363
2024-11-02 20:30:00,Richmond Hill,L4E,43.915368,-79.441805
2024-09-05 06:19:00,Vaughan,L4J,43.801186,-79.444618
2025-02-05 00:10:00,Richmond Hill,L4C,43.840593,-79.443221
2025-02-09 19:00:00,Richmond Hill,L4C,43.840593,-79.443221
2025-06-26 21:00:00,Richmond Hill,L4E,43.961294,-79.439719
2024-12-05 19:07:00,Richmond Hill,L4C,43.881329,-79.441616
2024-09-06 20:49:00,Richmond Hill,L4C,43.872171,-79.441803
2025-02-21 17:46:00,Richmond Hill,L4C,43.872171,-79.441803
2025-02-10 12:30:00,Richmond Hill,L4C,43.880363,-79.441361
2025-07-08 15:30:00,Richmond Hill,L4C,43.880363,-79.441361
2024-11-25 05:00:00,Richmond Hill,L4E,43.942848,-79.43965
2025-02-21 17:00:00,Richmond Hill,L4S,43.899743,-79.440315
2025-04-03 14:00:00,Richmond Hill,L4C,43.862763,-79.441048
2025-07-12 18:30:00,Aurora,L4G,44.014706,-79.437012
2024-08-22 07:44:00,Richmond Hill,L4C,43.862883,-79.440783
2024-11-14 08:30:00,Richmond Hill,L4C,43.862883,-79.440783
2024-08-21 17:06:00,Richmond Hill,L4E,43.943075,-79.438623
2024-10-19 01:57:00,Richmond Hill,L4E,43.943075,-79.438623
2024-08-01 16:00:00,Newmarket,L3X,44.040471,-79.43595
2024-08-17 17:58:00,Richmond Hill,L4E,43.967161,-79.437849
2025-07-29 04:00:00,Newmarket,L3Y,44.069499,-79.434983
2024-10-20 10:32:00,Richmond Hill,L4C,43.84467,-79.440823
2024-09-10 21:00:00,Richmond Hill,L4C,43.835083,-79.440895
2025-07-22 21:21:00,Richmond Hill,L4C,43.881752,-79.439661
2024-07-12 09:26:00,Richmond Hill,L4C,43.868949,-79.439973
2024-12-21 00:22:00,Richmond Hill,L4C,43.842338,-79.440643
2024-12-26 00:02:00,Richmond Hill,L4C,43.842338,-79.440643
2025-04-23 20:30:00,Aurora,L4G,44.012609,-79.4361
2025-08-01 16:24:00,Richmond Hill,L4C,43.880775,-79.439432
2024-10-21 00:21:00,Newmarket,L3X,44.03458,-79.435374
2024-12-13 05:00:00,Aurora,L4G,43.986406,-79.436598
2025-07-17 17:16:00,Richmond Hill,L4E,43.952732,-79.437463
2024-07-22 22:22:00,Newmarket,L3Y,44.062329,-79.434528
2024-09-28 23:47:00,Richmond Hill,L4C,43.878989,-79.439025
2025-04-25 19:23:00,Newmarket,L3X,44.040547,-79.434688
2025-05-03 09:00:00,Richmond Hill,L4C,43.852501,-79.439419
2025-03-31 21:08:00,Newmarket,L3Y,44.060769,-79.433747
2025-06-22 02:59:00,Richmond Hill,L4C,43.848562,-79.439009
2024-11-02 00:00:00,Vaughan,L4J,43.811715,-79.439933
2024-07-16 13:00:00,Richmond Hill,L4E,43.943553,-79.436168
2024-11-22 19:56:00,Richmond Hill,L4E,43.943553,-79.436168
2024-08-06 08:00:00,Vaughan,L4J,43.807148,-79.439684
2024-08-06 14:41:00,Richmond Hill,L4C,43.874352,-79.437908
2025-01-28 13:25:00,Richmond Hill,L4C,43.874352,-79.437908
2024-11-14 00:30:00,Vaughan,L4J,43.815896,-79.439192
2024-11-26 05:00:00,Richmond Hill,L4S,43.904871,-79.436792
2025-07-18 04:01:00,Richmond Hill,L4C,43.878248,-79.437387
2024-10-26 21:00:00,Aurora,L4G,43.985399,-79.434531
2024-08-04 05:13:00,Newmarket,L3X,44.031673,-79.433246
2025-04-11 06:34:00,Richmond Hill,L4C,43.85771,-79.43779
2025-07-05 15:46:00,Richmond Hill,L4C,43.85771,-79.43779
2025-07-30 08:08:00,Richmond Hill,L4C,43.85771,-79.43779
2024-08-06 01:10:00,Richmond Hill,L4E,43.953298,-79.435169
2025-01-23 05:01:00,Richmond Hill,L4C,43.87125,-79.43724
2025-03-13 19:52:00,Richmond Hill,L4C,43.87125,-79.43724
2024-12-22 18:35:00,Vaughan,L4J,43.795885,-79.439142
2024-10-12 23:37:00,Richmond Hill,L4C,43.836356,-79.438003
2024-11-13 23:11:00,Richmond Hill,L4C,43.836356,-79.438003
2024-11-16 01:25:00,Richmond Hill,L4C,43.836356,-79.438003
2025-07-10 19:44:00,Vaughan,L4J,43.811797,-79.43851
2025-02-13 00:10:00,Vaughan,L3T,43.82833,-79.437918
2025-03-14 16:04:00,Richmond Hill,L4E,43.95633,-79.434446
2025-03-04 17:00:00,East Gwillimbury,L9N,44.099916,-79.430447
2025-08-01 16:00:00,East Gwillimbury,L9N,44.099916,-79.430447
2025-07-26 05:00:00,Richmond Hill,L4E,43.939136,-79.434333
2025-03-01 17:30:00,Richmond Hill,L4E,43.953581,-79.433857
2025-04-11 21:50:00,Aurora,L4G,44.023082,-79.431727
2025-01-06 07:00:00,East Gwillimbury,L3Y,44.097081,-79.429718
2024-12-08 15:37:00,Richmond Hill,L4S,43.904969,-79.434773
2024-12-31 00:38:00,Richmond Hill,L4S,43.904969,-79.434773
2025-03-18 06:58:00,Vaughan,L4J,43.808705,-79.437284
2024-11-08 15:00:00,Richmond Hill,L4E,43.939518,-79.433598
2024-08-23 16:00:00,Richmond Hill,L4C,43.843298,-79.436064
2025-04-27 06:00:00,Richmond Hill,L4C,43.862127,-79.435158
2025-03-19 04:00:00,Richmond Hill,L4C,43.880151,-79.434517
2024-11-07 23:08:00,Richmond Hill,L4E,43.94085,-79.432908
2025-01-08 21:30:00,Richmond Hill,L4E,43.939971,-79.432795
2024-08-24 13:10:00,Richmond Hill,L4S,43.898385,-79.433709
2024-07-08 06:22:00,Richmond Hill,L4C,43.866996,-79.434514
2025-01-09 14:00:00,Richmond Hill,L4S,43.905274,-79.433382
2025-06-23 23:15:00,Richmond Hill,L4G,43.881321,-79.43379
2024-12-08 08:04:00,Newmarket,L3Y,44.045519,-79.429395
2024-09-25 01:10:00,Richmond Hill,L4C,43.858464,-79.434292
2024-10-01 04:00:00,Richmond Hill,L4C,43.858464,-79.434292
2025-06-04 02:34:00,Richmond Hill,L4C,43.858464,-79.434292
2025-03-20 23:30:00,Newmarket,L3X,44.034,-79.429544
2025-08-18 22:00:00,Newmarket,L3Y,44.047336,-79.429063
2024-11-07 00:00:00,Richmond Hill,L4C,43.836481,-79.434571
2025-07-08 06:00:00,Richmond Hill,L4C,43.865441,-79.433728
2025-06-21 01:30:00,East Gwillimbury,L0G,44.144082,-79.425961
2024-12-17 18:00:00,Richmond Hill,L4S,43.906063,-79.432183
2024-10-10 14:55:00,Richmond Hill,L4C,43.87816,-79.432853
2024-10-16 23:31:00,Richmond Hill,L4C,43.87816,-79.432853
2025-03-21 21:00:00,Richmond Hill,L4C,43.877173,-79.432545
2025-02-19 03:32:00,Richmond Hill,L4C,43.83359,-79.43366
2024-12-04 23:31:00,Vaughan,L3T,43.825737,-79.433848
2024-08-29 02:43:00,Richmond Hill,L4C,43.840937,-79.433422
2024-11-11 08:17:00,Vaughan,L4J,43.817254,-79.434033
2025-03-04 23:48:00,Vaughan,L4J,43.817254,-79.434033
2025-02-09 00:22:00,Vaughan,L4J,43.809405,-79.43416
2025-03-09 01:45:00,Vaughan,L4J,43.811542,-79.433579
2024-11-27 14:00:00,Richmond Hill,L4S,43.906064,-79.43099
2024-08-05 03:00:00,Richmond Hill,L4C,43.866642,-79.431688
2025-01-29 15:46:00,Richmond Hill,L4C,43.862919,-79.431512
2025-05-25 10:39:00,Richmond Hill,L4C,43.848295,-79.43186
2024-07-06 23:30:00,Vaughan,L4J,43.814603,-79.432536
2024-07-03 11:30:00,Richmond Hill,L4C,43.83536,-79.431971
2024-11-23 23:34:00,Richmond Hill,L4C,43.83536,-79.431971
2025-03-01 23:51:00,Richmond Hill,L4C,43.83536,-79.431971
2024-07-19 22:30:00,Richmond Hill,L4G,43.879424,-79.430802
2024-08-09 04:00:00,Richmond Hill,L4C,43.859945,-79.430852
2024-08-16 04:00:00,Richmond Hill,L4C,43.859945,-79.430852
2024-08-16 07:00:00,Richmond Hill,L4C,43.859945,-79.430852
2024-08-17 04:00:00,Richmond Hill,L4C,43.859945,-79.430852
2024-08-17 04:00:00,Richmond Hill,L4C,43.859945,-79.430852
2024-08-17 05:30:00,Richmond Hill,L4C,43.859945,-79.430852
2024-08-17 05:30:00,Richmond Hill,L4C,43.859945,-79.430852
2024-08-20 00:00:00,Richmond Hill,L4C,43.859945,-79.430852
2025-02-02 06:50:00,Richmond Hill,L4C,43.859945,-79.430852
2025-08-11 23:00:00,Richmond Hill,L4C,43.859945,-79.430852
2024-11-10 08:00:00,Vaughan,L4J,43.817732,-79.431782
2025-02-08 20:59:00,Vaughan,L4J,43.817732,-79.431782
2024-10-25 16:00:00,Richmond Hill,L4C,43.859241,-79.430619
2024-12-01 20:03:00,Richmond Hill,L4C,43.859241,-79.430619
2024-11-06 22:59:00,Vaughan,L4J,43.806156,-79.431982
2024-11-11 20:45:00,Vaughan,L4J,43.811592,-79.431618
2025-07-16 17:37:00,Aurora,L4G,43.97125,-79.427
2024-11-28 04:00:00,Richmond Hill,L4C,43.860154,-79.429876
2025-05-29 23:00:00,East Gwillimbury,L3Y,44.099601,-79.423434
2025-06-15 09:08:00,Richmond Hill,L4C,43.844451,-79.430148
2025-02-07 00:30:00,Vaughan,L4J,43.810088,-79.431007
2024-12-14 01:15:00,Vaughan,L4J,43.815005,-79.43066
2025-07-27 05:00:00,Vaughan,L4J,43.815005,-79.43066
2025-03-13 15:00:00,Richmond Hill,L4C,43.890041,-79.42854
2025-07-11 13:00:00,Richmond Hill,L4C,43.839248,-79.42971
2025-01-16 00:46:00,Vaughan,L4J,43.815156,-79.429931
2025-04-01 17:31:00,Richmond Hill,L4C,43.868347,-79.428406
2024-08-02 14:09:00,Vaughan,L3T,43.822437,-79.429579
2025-02-19 01:23:00,Vaughan,L3T,43.822437,-79.429579
2024-11-03 21:19:00,East Gwillimbury,L0G,44.126004,-79.421381
2024-11-11 19:45:00,Richmond Hill,L4E,43.925583,-79.426324
2024-12-29 23:30:00,Vaughan,L3T,43.824605,-79.428608
2024-11-03 06:07:00,Richmond Hill,L4C,43.901867,-79.426389
2025-01-24 23:40:00,Richmond Hill,L4C,43.861138,-79.427445
2025-04-08 08:30:00,Richmond Hill,L4C,43.914547,-79.425798
2025-05-21 22:00:00,Richmond Hill,L4B,43.852119,-79.427368
2024-10-08 21:01:00,Richmond Hill,L4C,43.86968,-79.4267
2025-04-29 15:53:00,Richmond Hill,L4C,43.894658,-79.425839
2024-11-22 20:00:00,Aurora,L4G,44.005179,-79.422895
2024-12-28 21:30:00,Richmond Hill,L4C,43.899477,-79.425278
2024-08-07 15:00:00,Vaughan,L4J,43.809779,-79.42756
2025-02-25 05:01:00,Newmarket,L3Y,44.039608,-79.421344
2025-01-09 05:54:00,Richmond Hill,L4C,43.856058,-79.426138
2024-10-13 00:19:00,Vaughan,L4J,43.814483,-79.427123
2024-12-20 01:37:00,Vaughan,L4J,43.812614,-79.427014
2024-09-22 01:20:00,Richmond Hill,L4E,43.930106,-79.423139
2024-09-18 23:51:00,Richmond Hill,L4C,43.855527,-79.425059
2025-01-01 23:22:00,Markham,L4J,43.818784,-79.425877
2025-02-07 23:31:00,Richmond Hill,L4C,43.85268,-79.424833
2025-08-04 12:30:00,Richmond Hill,L4C,43.883847,-79.423971
2024-09-30 01:30:00,Richmond Hill,L4C,43.900019,-79.42245
2025-01-03 21:00:00,Richmond Hill,L4C,43.86819,-79.423037
2025-01-03 23:10:00,Richmond Hill,L4C,43.86819,-79.423037
2025-07-24 03:59:00,Markham,L3T,43.825574,-79.424104
2024-12-06 02:39:00,Richmond Hill,L4C,43.917554,-79.421669
2025-01-29 05:01:00,Markham,L3T,43.823023,-79.423619
2024-10-23 13:37:00,Richmond Hill,L4C,43.879416,-79.421985
2024-09-10 17:09:00,Richmond Hill,L4C,43.872603,-79.422074
2024-12-14 20:00:00,Vaughan,L4J,43.800179,-79.423747
2025-06-13 12:00:00,Richmond Hill,L4C,43.867454,-79.421907
2024-10-11 12:00:00,Richmond Hill,L4C,43.898414,-79.420954
2024-11-25 21:30:00,Richmond Hill,L4C,43.898414,-79.420954
2024-08-21 18:00:00,Newmarket,L3Y,44.035475,-79.4173
2025-01-05 22:55:00,Richmond Hill,L4C,43.870842,-79.421348
2025-08-11 03:04:00,Markham,L3T,43.824522,-79.422259
2024-08-29 10:00:00,Richmond Hill,L4C,43.883074,-79.42051
2025-05-19 07:28:00,Richmond Hill,L4C,43.889455,-79.420046
2025-03-20 13:10:00,Richmond Hill,L4C,43.872983,-79.420321
2025-01-23 01:24:00,Richmond Hill,L4C,43.857231,-79.420237
2025-03-23 21:00:00,Richmond Hill,L4C,43.879993,-79.419392
2025-02-20 19:30:00,Markham,L3T,43.811728,-79.421183
2024-07-07 14:30:00,Richmond Hill,L4C,43.869722,-79.419536
2025-01-27 16:38:00,Richmond Hill,L4C,43.887376,-79.418254
2024-08-22 15:28:00,Aurora,L4G,43.992932,-79.41494
2024-11-29 12:46:00,Markham,L3T,43.806026,-79.418909
2025-04-18 14:50:00,Richmond Hill,L4C,43.859074,-79.417118
2024-08-31 16:00:00,Markham,L4J,43.816167,-79.418215
2024-09-02 16:08:00,Markham,L4J,43.816167,-79.418215
2024-10-11 20:16:00,Markham,L3T,43.825641,-79.417789
2025-03-13 18:02:00,Richmond Hill,L4C,43.859669,-79.416416
2025-05-30 22:00:00,Markham,L3T,43.799644,-79.417382
2024-08-04 01:56:00,Markham,L3T,43.81268,-79.416966
2024-11-28 01:02:00,Markham,L3T,43.81268,-79.416966
2024-11-26 22:56:00,Richmond Hill,L4C,43.854738,-79.415402
2025-01-11 00:25:00,Richmond Hill,L4C,43.854738,-79.415402
2025-08-14 14:30:00,Richmond Hill,L4C,43.886369,-79.413475
2024-08-30 03:55:00,Markham,L3T,43.802995,-79.415249
2025-05-25 23:32:00,Markham,L3T,43.802995,-79.415249
2025-01-12 05:00:00,Richmond Hill,L4C,43.851098,-79.413878
2025-05-19 06:55:00,Richmond Hill,L4B,43.870898,-79.41331
2024-10-06 02:30:00,Markham,L3T,43.802144,-79.41503
2025-01-10 14:00:00,Richmond Hill,L4S,43.891873,-79.412295
2024-07-15 13:00:00,Markham,L3T,43.818612,-79.414042
2024-12-24 14:00:00,Richmond Hill,L4C,43.860864,-79.412716
2024-10-13 03:28:00,Richmond Hill,L4S,43.885059,-79.411804
2024-10-18 15:00:00,Markham,L3T,43.808188,-79.413353
2025-05-28 12:30:00,Markham,L3T,43.829142,-79.412724
2024-10-19 22:00:00,Markham,L3T,43.824413,-79.412562
2024-07-19 16:45:00,Markham,L3T,43.826834,-79.412363
2024-07-05 22:00:00,Markham,L3T,43.803518,-79.412598
2024-08-28 04:00:00,Richmond Hill,L4S,43.886218,-79.410227
2024-12-20 22:00:00,Richmond Hill,L4S,43.892724,-79.409969
2024-12-13 15:30:00,Markham,L3T,43.817529,-79.411774
2025-04-20 15:14:00,Markham,L3T,43.801787,-79.412155
2025-04-29 18:20:00,Markham,L3T,43.801787,-79.412155
2025-01-31 05:00:00,Richmond Hill,L4S,43.892201,-79.409312
2024-07-11 04:20:00,Markham,L3T,43.813947,-79.411314
2024-08-15 13:00:00,Richmond Hill,L4S,43.882746,-79.409437
2024-12-10 19:00:00,Richmond Hill,L4C,43.867545,-79.409334
2024-11-09 18:42:00,Georgina,N/A,44.245648,-79.399077
2025-02-07 16:00:00,Richmond Hill,L4S,43.889618,-79.408605
2024-10-18 04:00:00,Richmond Hill,L4B,43.845418,-79.409441
2024-11-03 21:15:00,Markham,L3T,43.818543,-79.41012
2025-01-11 16:30:00,Richmond Hill,L4C,43.866626,-79.408831
2024-10-21 15:00:00,Markham,L3T,43.809832,-79.410288
2024-11-25 00:59:00,Richmond Hill,L4E,43.954843,-79.406408
2025-05-06 17:52:00,Richmond Hill,L4C,43.873362,-79.408512
2024-12-28 23:42:00,Markham,L3T,43.819021,-79.409849
2025-07-24 03:27:00,Richmond Hill,L4C,43.859781,-79.408509
2024-12-14 23:21:00,Richmond Hill,L4B,43.868544,-79.408175
2024-07-16 08:30:00,Richmond Hill,L4B,43.869634,-79.407993
2025-02-13 00:52:00,Markham,L3T,43.83196,-79.408798
2025-02-14 16:17:00,Markham,L3T,43.83196,-79.408798
2024-12-14 22:28:00,Richmond Hill,L4S,43.893946,-79.407073
2025-02-08 01:24:00,Markham,L3T,43.815221,-79.409137
2025-03-01 00:34:00,Markham,L3T,43.815221,-79.409137
2025-06-28 03:04:00,Markham,L3T,43.815221,-79.409137
2024-08-30 16:00:00,Richmond Hill,L4S,43.886062,-79.407094
2025-01-04 23:00:00,Richmond Hill,L4B,43.872437,-79.407274
2024-07-23 17:40:00,Richmond Hill,L4C,43.858146,-79.407485
2025-04-28 15:25:00,Richmond Hill,L4S,43.890365,-79.406531
2024-10-04 13:30:00,Markham,L3T,43.810207,-79.408555
2025-02-04 00:28:00,Richmond Hill,L4S,43.881425,-79.406554
2024-09-06 23:13:00,Richmond Hill,L4S,43.876371,-79.406202
2024-07-13 02:11:00,Richmond Hill,L4B,43.867706,-79.405883
2024-10-21 13:00:00,Richmond Hill,L4B,43.850088,-79.406296
2025-01-06 20:45:00,Markham,L3T,43.824626,-79.406869
2025-01-20 12:15:00,Richmond Hill,L4B,43.848547,-79.406137
2025-01-05 14:49:00,Richmond Hill,L4S,43.890971,-79.404773
2025-02-08 20:00:00,Richmond Hill,L4S,43.881248,-79.404939
2024-07-04 02:37:00,Markham,L3T,43.809811,-79.406283
2025-07-17 19:30:00,Richmond Hill,L4E,43.937692,-79.402802
2024-12-21 01:10:00,Richmond Hill,L4B,43.87399,-79.404391
2024-12-01 14:45:00,Whitchurch-Stouffville,L4G,44.006007,-79.400486
2024-07-02 00:23:00,Markham,L3T,43.830266,-79.405126
2025-02-06 23:55:00,Richmond Hill,L4S,43.893994,-79.403227
2024-11-14 14:00:00,Whitchurch-Stouffville,L4G,44.034332,-79.399426
2025-02-06 01:40:00,Richmond Hill,L4B,43.872874,-79.403705
2025-02-16 05:11:00,Richmond Hill,L4S,43.879557,-79.403379
2024-11-15 18:00:00,Richmond Hill,L4S,43.878919,-79.403196
2025-01-10 00:00:00,Richmond Hill,L4S,43.892478,-79.402732
2024-09-16 12:33:00,Markham,L3T,43.830483,-79.404107
2025-01-06 23:00:00,Richmond Hill,L4B,43.866138,-79.402731
2025-01-10 00:07:00,Markham,L3T,43.811494,-79.403724
2025-01-17 20:00:00,Markham,L3T,43.811494,-79.403724
2025-01-01 02:26:00,Markham,L3T,43.808727,-79.403639
2025-02-01 00:14:00,Markham,L3T,43.817327,-79.403092
2024-08-19 08:56:00,Richmond Hill,L4B,43.849435,-79.402168
2025-02-12 03:47:00,Richmond Hill,L4S,43.882621,-79.40108
2025-01-01 01:38:00,Markham,L3T,43.806895,-79.403066
2024-11-30 23:25:00,Richmond Hill,L4B,43.870587,-79.401307
2024-10-08 14:50:00,Richmond Hill,L4B,43.873639,-79.40051
2024-08-13 15:33:00,Markham,L3T,43.828263,-79.401484
2025-04-12 14:00:00,Markham,L3T,43.807146,-79.40173
2025-07-25 17:35:00,Richmond Hill,L4S,43.886148,-79.399455
2024-12-24 22:30:00,Richmond Hill,L4B,43.848357,-79.400392
2024-10-28 08:00:00,Markham,L3T,43.804285,-79.401542
2025-04-21 18:31:00,Richmond Hill,L4B,43.864524,-79.399477
2025-03-19 01:03:00,Richmond Hill,L4B,43.84461,-79.399751
2025-01-28 16:00:00,Markham,L3T,43.817718,-79.400109
2025-01-09 23:28:00,Markham,L3T,43.814366,-79.400122
2025-04-09 19:52:00,East Gwillimbury,L9N,44.096513,-79.392302
2025-01-01 05:01:00,Markham,L3T,43.817147,-79.399757
2024-11-04 05:00:00,Markham,L3T,43.812621,-79.399709
2025-04-03 08:00:00,Richmond Hill,L4B,43.858252,-79.398252
2024-11-15 19:15:00,Richmond Hill,L4B,43.864663,-79.397937
2024-08-31 01:54:00,Richmond Hill,L4S,43.877515,-79.397253
2025-05-14 22:44:00,Whitchurch-Stouffville,L0H,44.008,-79.393603
2024-07-24 19:00:00,Richmond Hill,L4B,43.874424,-79.397063
2024-07-03 04:14:00,Richmond Hill,L4B,43.872381,-79.396898
2024-10-26 00:07:00,Richmond Hill,L4B,43.872381,-79.396898
2024-12-12 00:59:00,Richmond Hill,L4B,43.872381,-79.396898
2025-03-15 00:31:00,Richmond Hill,L4B,43.872381,-79.396898
2024-07-14 07:12:00,Richmond Hill,L4S,43.891061,-79.396318
2024-11-23 22:36:00,Markham,L3T,43.807842,-79.398544
2024-08-14 14:34:00,Richmond Hill,L4B,43.850536,-79.39726
2024-07-19 04:00:00,Markham,L3T,43.819246,-79.397831
2025-08-01 16:50:00,Whitchurch-Stouffville,L0H,44.004268,-79.392738
2024-08-10 08:39:00,Richmond Hill,L4S,43.907141,-79.394622
2024-10-05 00:20:00,Richmond Hill,L4B,43.870237,-79.395357
2024-12-09 14:00:00,Richmond Hill,L4S,43.883119,-79.394783
2025-01-01 17:28:00,Richmond Hill,L4B,43.84734,-79.395307
2025-03-30 10:20:00,Markham,L3T,43.831624,-79.395382
2025-05-18 13:00:00,Markham,L4B,43.841331,-79.395091
2025-07-15 04:01:00,Markham,L4B,43.841331,-79.395091
2025-03-14 21:15:00,Richmond Hill,L4S,43.908344,-79.39313
2024-11-29 00:20:00,Markham,L3T,43.811582,-79.395698
2024-11-28 00:20:00,Richmond Hill,L4B,43.869343,-79.393608
2025-07-25 16:23:00,Richmond Hill,L4B,43.869343,-79.393608
2024-08-23 04:00:00,Richmond Hill,L4B,43.846745,-79.394186
2024-12-06 00:36:00,Richmond Hill,L4B,43.846778,-79.39301
2025-01-31 00:00:00,Richmond Hill,L4B,43.867374,-79.392347
2025-06-18 22:48:00,Markham,L3T,43.824478,-79.393174
2024-11-28 00:22:00,Richmond Hill,L4B,43.844851,-79.392507
2025-05-11 09:51:00,Markham,L3T,43.812408,-79.393195
2025-07-18 03:09:00,Markham,L3T,43.839976,-79.392308
2025-03-29 04:08:00,Georgina,L0E,44.320919,-79.379024
2025-03-29 04:44:00,Georgina,L0E,44.319614,-79.378997
2024-10-31 19:47:00,Markham,L3T,43.823146,-79.392475
2025-04-15 10:00:00,Markham,L3T,43.823146,-79.392475
2024-09-24 20:34:00,Markham,L3T,43.839019,-79.391923
2024-07-01 05:50:00,Richmond Hill,L4B,43.842323,-79.391807
2024-11-06 15:45:00,Whitchurch-Stouffville,L0H,43.985054,-79.387956
2025-02-27 00:05:00,Markham,L3T,43.809045,-79.39244
2024-09-22 00:19:00,Richmond Hill,L4B,43.859844,-79.391059
2025-04-19 16:00:00,Richmond Hill,L4B,43.861549,-79.39067
2024-09-20 18:09:00,Markham,L3T,43.828547,-79.391486
2024-09-29 04:00:00,Markham,L3T,43.828547,-79.391486
2025-02-15 20:23:00,Markham,L3T,43.805443,-79.391636
2025-03-27 07:51:00,Markham,L3T,43.824931,-79.391023
2024-10-23 08:00:00,Georgina,L0E,44.303861,-79.377928
2024-09-07 02:15:00,Markham,L3T,43.838511,-79.390349
2024-09-07 16:00:00,Markham,L3T,43.838511,-79.390349
2025-03-10 01:00:00,Markham,L3T,43.838511,-79.390349
2025-03-18 21:00:00,Markham,L3T,43.838511,-79.390349
2025-07-26 04:01:00,Markham,L3T,43.838511,-79.390349
2025-08-08 00:00:00,Markham,L3T,43.838511,-79.390349
2024-09-18 02:00:00,Markham,L3T,43.812771,-79.390319
2025-05-27 13:00:00,Whitchurch-Stouffville,L9N,44.076847,-79.383093
2025-06-04 01:23:00,Whitchurch-Stouffville,L9N,44.076847,-79.383093
2024-11-07 14:00:00,Markham,L3T,43.816218,-79.389146
2024-10-31 21:49:00,Markham,L3T,43.822563,-79.388777
2025-08-06 10:30:00,Markham,L3T,43.822563,-79.388777
2024-11-20 00:30:00,Markham,L3T,43.808066,-79.389065
2024-12-11 23:17:00,Markham,L3T,43.808066,-79.389065
2025-04-04 06:11:00,Markham,L3T,43.807065,-79.388839
2025-02-27 00:24:00,Markham,L3T,43.806094,-79.388501
2025-05-20 16:22:00,Markham,L3T,43.806094,-79.388501
2024-12-02 18:00:00,Markham,L3T,43.821795,-79.3873
2024-12-12 22:36:00,Markham,L3T,43.808732,-79.387561
2025-03-29 11:39:00,Georgina,L0E,44.317356,-79.373556
2024-08-30 17:00:00,Markham,L3T,43.839077,-79.386456
2024-12-19 19:00:00,Markham,L3T,43.826535,-79.386435
2025-04-28 03:00:00,Whitchurch-Stouffville,L4A,43.940956,-79.383038
2025-04-10 10:10:00,Georgina,L0E,44.317481,-79.372516
2025-04-19 10:46:00,Georgina,L0E,44.324549,-79.372108
2024-08-13 03:29:00,Markham,L3T,43.806894,-79.386125
2024-07-16 20:27:00,Markham,L3T,43.829998,-79.385119
2025-01-22 00:15:00,Markham,L3T,43.815907,-79.384788
2025-06-27 13:00:00,Georgina,L0E,44.326954,-79.37002
2024-09-05 14:20:00,Markham,L3T,43.831255,-79.380782
2025-01-13 21:58:00,East Gwillimbury,L0G,44.136434,-79.372327
2024-12-20 05:00:00,Markham,L3T,43.813806,-79.38078
2025-02-11 16:40:00,Markham,L6C,43.893921,-79.378373
2025-06-13 23:00:00,Markham,L6C,43.903655,-79.378013
2025-01-22 07:59:00,Whitchurch-Stouffville,L4A,43.967202,-79.375248
2025-08-16 07:21:00,Whitchurch-Stouffville,L4A,43.967202,-79.375248
2025-05-10 18:19:00,Whitchurch-Stouffville,L6C,43.922165,-79.376344
2025-04-08 16:10:00,Markham,L6C,43.904917,-79.375463
2024-12-21 01:05:00,Markham,M2H,43.810915,-79.377263
2025-06-05 21:44:00,Georgina,L0E,44.303166,-79.363391
2024-10-12 02:01:00,Markham,L6C,43.900719,-79.37413
2024-11-09 23:22:00,Markham,L3T,43.823974,-79.376044
2025-04-23 07:29:00,Georgina,L0E,44.312696,-79.362568
2024-10-25 09:15:00,Georgina,L0E,44.303399,-79.362388
2025-06-02 05:33:00,Whitchurch-Stouffville,L3Y,44.021666,-79.369796
2024-10-27 09:42:00,Georgina,L0E,44.301793,-79.361745
2025-02-03 12:00:00,Markham,L3T,43.828798,-79.374326
2024-09-04 04:12:00,Markham,L6C,43.910627,-79.371978
2025-06-03 03:49:00,Georgina,L0E,44.315565,-79.360775
2024-08-12 14:50:00,Markham,L6C,43.8784,-79.372429
2025-02-20 17:00:00,Markham,L3T,43.821822,-79.373811
2025-02-20 20:28:00,Markham,L3T,43.821822,-79.373811
2024-09-21 03:30:00,Markham,L6C,43.892164,-79.371548
2025-08-03 02:33:00,Markham,L6C,43.892164,-79.371548
2025-07-07 14:17:00,Georgina,L0E,44.308822,-79.358257
2024-11-14 16:56:00,Markham,L6C,43.877553,-79.369635
2025-02-19 22:05:00,Markham,L6C,43.882318,-79.369497
2025-04-16 07:52:00,Georgina,L0E,44.304644,-79.357694
2024-11-28 19:00:00,Markham,M2H,43.810545,-79.371279
2024-09-24 18:48:00,Whitchurch-Stouffville,L4A,44.003566,-79.365728
2025-06-10 16:00:00,East Gwillimbury,L0G,44.099341,-79.363044
2024-10-04 23:00:00,Markham,L6C,43.883817,-79.368778
2024-08-11 19:33:00,Markham,L6C,43.882333,-79.368666
2025-03-08 00:38:00,Markham,L6C,43.873923,-79.368718
2024-09-26 00:32:00,Georgina,L0E,44.309179,-79.356649
2024-11-09 23:34:00,Markham,L3T,43.814314,-79.369487
2024-11-15 21:15:00,Markham,L3T,43.814314,-79.369487
2025-01-29 23:58:00,Markham,L3T,43.814314,-79.369487
2025-03-01 02:45:00,Markham,L6C,43.900568,-79.367042
2025-03-04 00:54:00,Markham,L6C,43.885932,-79.367245
2025-03-31 05:07:00,Markham,L3T,43.810771,-79.369232
2025-02-05 23:41:00,Markham,L3T,43.817494,-79.368921
2025-03-14 19:00:00,Markham,L3T,43.817494,-79.368921
2025-05-14 04:50:00,Georgina,L0E,44.303259,-79.35549
2024-12-09 22:00:00,Markham,L3T,43.816657,-79.368272
2025-08-06 07:16:00,Markham,L3T,43.830902,-79.367883
2025-08-17 05:16:00,Markham,L3T,43.830902,-79.367883
2025-04-26 07:00:00,Markham,L6C,43.881098,-79.366024
2025-06-19 14:10:00,Markham,L6C,43.894155,-79.365559
2025-06-04 08:00:00,Markham,L6C,43.897635,-79.365282
2025-03-13 16:58:00,Georgina,L0E,44.31073,-79.353104
2024-10-11 22:30:00,Markham,L6C,43.876772,-79.364932
2025-01-11 00:58:00,Markham,L3T,43.825638,-79.366292
2024-09-27 18:43:00,Georgina,L0E,44.3004,-79.353152
2025-02-01 06:30:00,Georgina,L0E,44.302723,-79.352295
2025-03-25 16:08:00,Georgina,L0E,44.302723,-79.352295
2024-08-20 16:06:00,Markham,L6C,43.885531,-79.361342
2025-01-01 09:55:00,Markham,L6C,43.885531,-79.361342
2025-06-14 18:04:00,Georgina,L0E,44.256297,-79.350356
2024-12-10 05:00:00,Markham,L6C,43.872081,-79.360194
2025-07-04 06:44:00,Markham,L3R,43.847715,-79.360465
2025-02-25 00:54:00,Markham,L6C,43.879256,-79.359539
2024-12-26 21:54:00,Markham,L3R,43.864475,-79.35974
2025-01-06 20:15:00,Markham,L3R,43.814361,-79.360736
2025-01-23 05:01:00,Markham,L3R,43.863677,-79.359157
2025-01-29 05:01:00,Markham,L3R,43.863677,-79.359157
2025-02-19 21:20:00,Markham,L3R,43.863677,-79.359157
2024-12-16 10:06:00,Markham,L6C,43.87026,-79.358782
2024-08-09 20:00:00,Markham,L3R,43.864325,-79.35894
2024-07-03 17:11:00,Markham,L6C,43.866444,-79.358715
2024-08-10 16:00:00,Markham,L3R,43.864709,-79.358314
2024-09-02 01:00:00,Markham,L6C,43.869789,-79.357926
2024-12-22 05:01:00,Markham,L6C,43.879361,-79.357186
2025-06-28 02:43:00,Markham,L6C,43.868428,-79.357037
2024-11-01 00:21:00,Markham,L3R,43.861528,-79.356971
2024-11-15 18:00:00,Markham,L6C,43.891087,-79.35581
2024-11-29 22:48:00,Markham,L6C,43.885695,-79.354952
2025-01-12 23:37:00,Markham,L6C,43.877801,-79.354611
2024-10-16 00:38:00,Markham,L3R,43.861888,-79.354887
2025-01-15 01:06:00,Markham,L6C,43.873571,-79.354222
2025-05-17 17:01:00,Markham,L6C,43.92826,-79.352358
2025-04-06 00:00:00,Markham,L3R,43.859864,-79.354213
2024-11-18 22:47:00,Markham,L6C,43.881813,-79.353416
2024-12-03 19:00:00,Markham,L6C,43.881813,-79.353416
2024-11-09 21:00:00,Markham,L3R,43.86612,-79.353043
2024-09-02 17:30:00,Markham,L3R,43.858957,-79.353069
2024-12-11 22:48:00,Markham,L6C,43.867146,-79.352614
2024-09-10 03:59:00,Markham,L3R,43.85128,-79.352023
2025-01-02 01:28:00,Markham,L3R,43.861185,-79.351705
2025-01-24 05:00:00,Markham,L3R,43.861185,-79.351705
2024-08-12 23:30:00,Markham,L6C,43.877216,-79.350732
2025-03-26 04:01:00,East Gwillimbury,L0G,44.123866,-79.343838
2024-07-20 01:57:00,Markham,L3R,43.863707,-79.349886
2025-03-05 00:00:00,Markham,L6C,43.8745,-79.349573
2024-08-22 16:00:00,Whitchurch-Stouffville,L3Y,44.036063,-79.344936
2024-09-12 11:41:00,Whitchurch-Stouffville,L3Y,44.021583,-79.344631
2025-01-10 23:10:00,Markham,L6C,43.890475,-79.348061
2024-10-04 09:58:00,Markham,L6C,43.887628,-79.347657
2024-11-30 00:00:00,Markham,L6C,43.887628,-79.347657
2025-04-01 02:57:00,Markham,L3R,43.875698,-79.347494
2024-09-22 00:25:00,Markham,L3R,43.866107,-79.347618
2024-10-31 17:00:00,Markham,L3R,43.869598,-79.347495
2025-01-21 15:27:00,Markham,L3R,43.865348,-79.347297
2025-02-19 16:00:00,Markham,L3R,43.865348,-79.347297
2024-12-21 16:30:00,Markham,L3R,43.870749,-79.346832
2025-02-01 20:15:00,Markham,L3R,43.868177,-79.346881
2025-05-03 21:30:00,Markham,L3R,43.868177,-79.346881
2025-01-09 19:46:00,Whitchurch-Stouffville,L3Y,44.033387,-79.342248
2025-07-25 22:00:00,Markham,L6C,43.890978,-79.345279
2024-07-12 22:00:00,Markham,L6C,43.886501,-79.345328
2024-10-08 16:15:00,Markham,L3R,43.861864,-79.345448
2024-12-18 23:15:00,Markham,L6C,43.87856,-79.344791
2024-12-21 17:21:00,Whitchurch-Stouffville,L3Y,44.028279,-79.340538
2024-10-19 00:10:00,Markham,L6C,43.878039,-79.34414
2025-01-17 22:00:00,Markham,L6C,43.88283,-79.343945
2024-07-15 14:42:00,Markham,L6C,43.876431,-79.344082
2024-10-31 21:30:00,Markham,L3R,43.870611,-79.343874
2024-11-30 19:30:00,Markham,L6C,43.890865,-79.342964
2025-01-24 22:30:00,Markham,L3R,43.867982,-79.34312
2025-02-17 22:59:00,Markham,L3R,43.853989,-79.343352
2025-05-03 12:20:00,Markham,L3R,43.866329,-79.342711
2024-11-10 17:37:00,Markham,L3R,43.870868,-79.342463
2024-08-18 05:18:00,Markham,L3R,43.86938,-79.342071
2024-12-07 23:56:00,Markham,L6C,43.892894,-79.340132
2024-10-18 01:00:00,East Gwillimbury,L0G,44.087873,-79.334651
2024-12-28 00:12:00,Markham,L6C,43.876935,-79.339434
2025-05-07 15:35:00,Markham,L6C,43.876935,-79.339434
2024-12-05 23:26:00,Markham,L3R,43.863915,-79.339412
2024-12-07 15:26:00,Markham,L3R,43.863915,-79.339412
2024-12-12 10:53:00,Markham,L3R,43.863915,-79.339412
2024-12-29 10:24:00,Markham,L3R,43.863915,-79.339412
2025-01-04 01:01:00,Markham,L6C,43.886629,-79.338533
2024-12-14 17:18:00,Markham,L3R,43.873955,-79.338685
2024-11-09 20:51:00,Markham,L3R,43.869563,-79.338707
2025-07-08 12:53:00,Markham,L3R,43.861656,-79.338563
2024-07-15 18:29:00,Whitchurch-Stouffville,L3Y,44.061955,-79.332336
2025-03-22 18:00:00,Markham,L3R,43.86752,-79.336997
2025-02-01 19:55:00,Markham,L6C,43.888927,-79.336158
2025-01-22 23:30:00,Markham,L3R,43.869094,-79.336494
2025-06-28 00:05:00,Markham,L6G,43.852852,-79.3361
2025-05-24 01:32:00,Markham,L3R,43.867102,-79.334453
2025-02-21 23:00:00,Markham,L6C,43.892932,-79.333643
2024-10-29 13:42:00,Whitchurch-Stouffville,L3Y,44.040464,-79.329253
2024-12-26 22:11:00,Markham,L3R,43.86569,-79.333712
2024-12-27 23:04:00,Markham,L3R,43.86569,-79.333712
2024-08-23 04:01:00,Markham,L6G,43.85228,-79.333078
2025-04-08 08:34:00,Markham,L3R,43.875455,-79.332147
2024-12-21 14:01:00,Markham,L3R,43.87057,-79.330473
2024-08-17 04:01:00,Whitchurch-Stouffville,L3Y,44.051082,-79.325289
2024-12-20 22:15:00,Markham,L3R,43.871802,-79.328844
2024-08-14 13:00:00,Markham,L3R,43.856843,-79.328868
2025-04-19 13:50:00,Markham,L3R,43.870909,-79.328333
2024-09-09 03:39:00,Markham,L3R,43.818425,-79.329765
2025-05-12 12:00:00,Markham,L6G,43.850407,-79.326582
2024-07-22 17:45:00,Markham,L3R,43.863462,-79.32614
2025-06-27 23:36:00,Markham,L3R,43.857926,-79.326152
2025-03-26 01:14:00,Markham,L6C,43.891911,-79.325176
2025-01-13 19:18:00,Markham,L6C,43.915613,-79.323604
2025-08-06 12:30:00,Markham,L6C,43.915613,-79.323604
2024-11-26 11:07:00,Markham,L6G,43.851721,-79.325368
2025-05-31 03:18:00,Markham,L6G,43.851721,-79.325368
2024-09-12 19:40:00,Markham,L6G,43.850114,-79.325135
2024-11-23 15:00:00,Markham,L3R,43.872869,-79.324269
2024-12-11 05:00:00,Whitchurch-Stouffville,L3Y,44.026966,-79.319319
2025-04-19 04:01:00,Markham,L3R,43.871436,-79.322129
2024-11-26 05:01:00,Markham,L3R,43.828123,-79.323048
2024-09-01 00:00:00,Markham,L3R,43.877215,-79.321489
2025-02-16 08:22:00,Markham,L3R,43.865029,-79.321663
2024-08-07 20:11:00,Markham,L3R,43.822071,-79.32283
2024-12-08 04:00:00,Markham,L3R,43.875474,-79.320776
2025-06-08 03:50:00,Markham,L3R,43.868425,-79.320694
2025-04-26 06:46:00,Markham,L3R,43.821939,-79.321915
2024-09-20 00:14:00,Markham,L3R,43.862368,-79.320534
2024-09-21 16:20:00,Markham,L3R,43.82211,-79.320574
2024-09-08 02:15:00,Markham,L3R,43.872201,-79.318661
2025-03-07 21:00:00,Markham,L3R,43.872201,-79.318661
2024-12-10 22:28:00,Markham,L3R,43.822772,-79.319933
2024-12-20 00:56:00,Markham,L3R,43.861012,-79.318839
2025-07-28 23:30:00,Markham,L3R,43.86382,-79.318288
2025-04-25 13:40:00,Markham,L6C,43.881793,-79.31775
2024-12-04 15:00:00,Markham,L3R,43.832801,-79.318812
2025-08-15 18:37:00,Markham,L3R,43.880202,-79.317428
2024-12-06 06:49:00,Whitchurch-Stouffville,L4A,44.037805,-79.311778
2024-07-26 19:20:00,Markham,L6C,43.882168,-79.315571
2025-05-16 20:00:00,East Gwillimbury,L0G,44.13266,-79.307659
2025-07-24 04:00:00,Markham,L6C,43.897325,-79.313597
2025-06-23 02:56:00,Markham,L3R,43.865323,-79.313024
2024-08-03 04:01:00,Whitchurch-Stouffville,L4A,44.042539,-79.307964
2025-02-22 17:15:00,Markham,L3R,43.871782,-79.312261
2024-09-22 01:00:00,Markham,L6C,43.893105,-79.311188
2025-01-09 23:03:00,Markham,L3R,43.827376,-79.312855
2025-07-12 05:59:00,Markham,L3X,43.862117,-79.311065
2025-01-17 18:39:00,Markham,L6C,43.891817,-79.310206
2025-02-01 20:00:00,Markham,L3R,43.86432,-79.31033
2025-05-03 20:00:00,Markham,L3R,43.873091,-79.309832
2025-04-26 03:30:00,Markham,L3R,43.88961,-79.30935
2025-05-10 21:11:00,Markham,L6C,43.898341,-79.309099
2024-11-28 00:38:00,Markham,L3R,43.877224,-79.309567
2024-11-28 23:44:00,Markham,L6C,43.897749,-79.308928
2024-09-06 12:00:00,Whitchurch-Stouffville,L4A,44.036178,-79.304939
2024-10-31 06:34:00,Markham,L3R,43.826271,-79.310831
2025-06-03 13:00:00,East Gwillimbury,L0G,44.114478,-79.302537
2025-03-14 03:05:00,Markham,L3R,43.824573,-79.310673
2025-02-02 00:29:00,Markham,L3R,43.871662,-79.309271
2025-01-04 03:18:00,Markham,L6C,43.883747,-79.308726
2024-09-02 03:00:00,Markham,L3R,43.860535,-79.309379
2024-09-07 15:01:00,Markham,L3R,43.860535,-79.309379
2024-09-05 07:02:00,Markham,L6C,43.893787,-79.308136
2024-11-09 21:00:00,Markham,L6C,43.893837,-79.307925
2024-07-19 21:30:00,Markham,L6C,43.898898,-79.307525
2024-12-26 17:01:00,Whitchurch-Stouffville,L4A,44.032126,-79.302851
2024-11-06 22:45:00,Markham,L3R,43.876556,-79.307096
2025-05-15 15:30:00,Markham,L3R,43.876556,-79.307096
2025-05-10 20:00:00,Markham,L6C,43.892003,-79.306093
2025-01-10 09:10:00,Markham,L3R,43.878666,-79.305948
2025-02-13 14:40:00,Markham,L3R,43.888772,-79.305548
2025-02-13 23:30:00,Markham,L3R,43.888772,-79.305548
2025-05-30 14:15:00,Whitchurch-Stouffville,L4A,43.958848,-79.303553
2025-06-07 05:00:00,Whitchurch-Stouffville,L4A,44.043817,-79.300988
2024-11-29 18:00:00,Markham,L3R,43.873831,-79.305628
2024-10-31 20:00:00,Markham,L3R,43.87003,-79.305124
2024-12-04 20:00:00,Markham,L3R,43.87003,-79.305124
2025-08-01 22:57:00,Markham,L6C,43.898695,-79.30349
2025-05-08 00:23:00,Markham,L6C,43.889511,-79.303571
2024-11-16 00:16:00,Markham,L3R,43.88423,-79.30253
2024-12-31 22:47:00,Markham,L3R,43.876214,-79.302707
2024-11-13 18:13:00,Markham,L3R,43.838644,-79.303649
2025-07-24 23:00:00,Markham,L3R,43.838644,-79.303649
2024-11-26 12:56:00,Whitchurch-Stouffville,L4A,44.037865,-79.297261
2025-06-30 19:00:00,Whitchurch-Stouffville,L4A,44.046727,-79.296908
2024-11-27 17:30:00,Markham,L3R,43.871004,-79.300796
2024-09-09 02:30:00,Markham,L3R,43.842907,-79.301532
2025-06-28 00:57:00,Markham,L3R,43.827977,-79.301333
2024-07-10 01:30:00,Markham,L3R,43.829592,-79.301226
2025-07-19 16:30:00,Markham,L3R,43.85321,-79.300383
2025-02-14 00:01:00,Markham,L6C,43.88943,-79.299224
2024-08-09 04:00:00,Markham,L6C,43.891302,-79.298608
2025-01-24 19:20:00,Markham,L6C,43.891302,-79.298608
2024-10-07 15:19:00,Markham,L3P,43.872448,-79.299027
2024-11-11 22:38:00,Markham,L3R,43.838729,-79.299539
2024-09-29 02:21:00,Markham,L3P,43.878808,-79.297932
2025-06-07 08:00:00,Markham,L3R,43.863955,-79.298335
2025-02-06 02:08:00,Markham,L3P,43.877987,-79.297525
2024-12-28 22:45:00,Markham,L3R,43.843642,-79.298361
2024-08-15 16:00:00,Markham,L3R,43.861563,-79.297744
2025-02-22 02:41:00,Markham,L3R,43.832584,-79.298448
2025-03-01 02:19:00,Markham,L6C,43.895343,-79.296272
2024-09-17 15:30:00,Markham,L3R,43.827168,-79.297853
2025-01-09 15:45:00,Markham,L3R,43.827168,-79.297853
2025-03-28 15:00:00,Markham,L3R,43.827168,-79.297853
2025-04-20 06:00:00,Markham,L6C,43.891945,-79.295946
2025-05-01 07:10:00,Markham,L3R,43.858527,-79.296293
2024-12-16 15:15:00,Markham,L3R,43.835536,-79.295802
2024-07-29 04:59:00,Markham,L3R,43.859423,-79.293255
2025-01-10 18:24:00,Markham,L3R,43.859423,-79.293255
2024-11-05 21:41:00,Markham,L3R,43.828023,-79.293722
2024-08-16 17:28:00,Whitchurch-Stouffville,L4A,43.997646,-79.288204
2025-05-02 15:45:00,Markham,L3R,43.855024,-79.292043
2024-12-24 22:00:00,Markham,L6C,43.88639,-79.291138
2024-11-11 17:44:00,Markham,L3S,43.845222,-79.292257
2024-12-13 00:12:00,Markham,L3S,43.845222,-79.292257
2024-08-23 22:00:00,Markham,L3P,43.880469,-79.291046
2024-10-04 20:30:00,Markham,L3P,43.890573,-79.290177
2024-11-29 19:00:00,Markham,L3R,43.837814,-79.290859
2025-02-16 00:45:00,Markham,L3R,43.834202,-79.290137
2024-12-01 00:54:00,Markham,L6E,43.899153,-79.287742
2024-10-03 21:30:00,Markham,L3P,43.892176,-79.287936
2025-06-22 08:39:00,Markham,L3R,43.862386,-79.288621
2025-05-31 20:39:00,Markham,L6C,43.886574,-79.287851
2025-02-09 09:10:00,Markham,L6E,43.889579,-79.287667
2025-07-29 16:59:00,Markham,L3S,43.840204,-79.288746
2024-10-05 02:00:00,Markham,L6E,43.899274,-79.286822
2025-07-22 00:43:00,Markham,L6E,43.899274,-79.286822
2024-08-29 04:40:00,Markham,L3S,43.844319,-79.288369
2024-09-03 06:50:00,Markham,L3S,43.844319,-79.288369
2024-09-10 10:47:00,Markham,L3S,43.844319,-79.288369
2025-07-29 00:07:00,Markham,L3S,43.839132,-79.288358
2024-10-06 00:16:00,Markham,L6C,43.885305,-79.286621
2024-12-28 22:30:00,Markham,L6E,43.890621,-79.2859
2025-01-18 23:15:00,Markham,L3R,43.833536,-79.287307
2024-11-07 20:30:00,Markham,L3S,43.847587,-79.286891
2025-06-01 19:57:00,Markham,L6C,43.88653,-79.284913
2025-02-07 22:00:00,Markham,L3R,43.86231,-79.285278
2025-07-19 18:30:00,Markham,L3R,43.859549,-79.284609
2025-03-03 02:14:00,Markham,L6C,43.884249,-79.28383
2025-05-25 02:00:00,Markham,L6E,43.895988,-79.283103
2025-04-14 06:30:00,Markham,L3S,43.834048,-79.284342
2024-10-11 00:15:00,Markham,L3S,43.847681,-79.283704
2025-05-09 17:17:00,Markham,L3S,43.847681,-79.283704
2024-09-14 19:46:00,Markham,L3S,43.836502,-79.283655
2024-12-16 13:00:00,Markham,L3S,43.845003,-79.282983
2024-11-23 08:00:00,Markham,L6E,43.896313,-79.281419
2025-02-27 22:45:00,Markham,L6E,43.901109,-79.279843
2024-11-20 01:45:00,Markham,L3S,43.837163,-79.281587
2024-10-19 00:10:00,Markham,L3S,43.84278,-79.281352
2025-02-01 01:45:00,Markham,L6E,43.894113,-79.279788
2025-03-15 15:04:00,Markham,L3P,43.866634,-79.280544
2024-12-29 02:05:00,Markham,L6E,43.905265,-79.279099
2024-07-22 08:04:00,Markham,L3P,43.886302,-79.279575
2024-11-08 00:23:00,Markham,L6E,43.903614,-79.278684
2025-06-30 02:42:00,Markham,L3S,43.835112,-79.280468
2025-02-28 00:00:00,Markham,L6E,43.901471,-79.277114
2024-12-20 05:00:00,Whitchurch-Stouffville,L4A,43.965201,-79.27458
2025-05-03 14:40:00,Whitchurch-Stouffville,L4A,43.965201,-79.27458
2025-02-28 00:24:00,Markham,L6E,43.901711,-79.276379
2025-04-12 16:53:00,Markham,L3P,43.879473,-79.276866
2024-09-11 18:27:00,Markham,L3S,43.834756,-79.278145
2024-12-17 23:00:00,Markham,L6E,43.895717,-79.276123
2025-01-18 01:32:00,Markham,L6E,43.900467,-79.275931
2024-08-09 17:51:00,Markham,L6E,43.902014,-79.275413
2024-11-21 21:00:00,Markham,L6E,43.902014,-79.275413
2024-07-15 08:20:00,Markham,L3P,43.886658,-79.275476
2025-03-16 09:00:00,Markham,L3P,43.86783,-79.275964
2025-06-15 03:15:00,Markham,L3P,43.86783,-79.275964
2024-12-20 23:00:00,Markham,L6E,43.900789,-79.274001
2024-08-03 15:00:00,Markham,L3P,43.881667,-79.274485
2025-02-27 01:25:00,Whitchurch-Stouffville,L4A,44.027085,-79.270162
2025-06-27 16:17:00,Whitchurch-Stouffville,L4A,43.969536,-79.27158
2024-09-28 00:30:00,Markham,L3S,43.84722,-79.275089
2025-01-31 17:00:00,Markham,L6E,43.899397,-79.27356
2025-05-10 20:03:00,Markham,L3P,43.887492,-79.273863
2025-05-23 23:38:00,Markham,L3P,43.887492,-79.273863
2024-09-19 15:48:00,Whitchurch-Stouffville,L4A,43.971241,-79.271247
2025-06-27 05:56:00,Markham,L6E,43.927747,-79.272453
2024-12-03 23:45:00,Whitchurch-Stouffville,L4A,44.028548,-79.269233
2025-06-04 16:00:00,Markham,L3S,43.83555,-79.274732
2025-01-22 14:00:00,Markham,L6E,43.89955,-79.272737
2025-08-08 15:10:00,Whitchurch-Stouffville,L4A,44.026705,-79.268806
2025-03-08 06:10:00,Markham,L6E,43.901063,-79.272346
2024-07-12 01:28:00,Markham,L3P,43.887061,-79.272568
2024-08-14 19:24:00,Markham,L3S,43.8424,-79.273762
2025-01-17 00:47:00,Markham,L6E,43.905594,-79.271496
2024-12-25 09:57:00,Markham,L6E,43.903247,-79.271441
2024-07-07 04:00:00,Markham,L3P,43.886219,-79.271169
2024-11-14 08:54:00,Markham,L3P,43.886219,-79.271169
2025-03-09 11:56:00,Markham,L3S,43.841477,-79.271217
2024-11-07 21:00:00,Markham,L6E,43.895334,-79.268691
2024-12-19 14:11:00,Markham,L3S,43.838562,-79.269186
2024-11-30 16:00:00,Markham,L3S,43.837684,-79.26915
2025-01-15 22:58:00,Markham,L3S,43.841103,-79.268519
2024-11-24 20:40:00,Whitchurch-Stouffville,L1Y,44.053249,-79.262102
2024-09-28 02:23:00,Markham,L3P,43.86807,-79.267042
2024-12-14 13:00:00,Markham,L3S,43.847918,-79.267492
2025-05-16 14:40:00,Markham,L3P,43.884591,-79.26609
2024-09-25 13:00:00,Markham,L3P,43.883084,-79.265975
2025-03-31 20:06:00,Georgina,L0E,44.346545,-79.252165
2024-12-23 00:02:00,Markham,L3S,43.841371,-79.266155
2025-03-09 07:50:00,Markham,L3S,43.841371,-79.266155
2024-07-19 08:59:00,Markham,L3P,43.887341,-79.26434
2025-02-08 22:30:00,Markham,M1V,43.835576,-79.265474
2024-11-25 09:05:00,Markham,L3S,43.841327,-79.264982
2025-03-09 17:00:00,Markham,L3S,43.841327,-79.264982
2024-09-11 17:00:00,Markham,M1V,43.834446,-79.265038
2025-04-05 20:00:00,Markham,L3P,43.870273,-79.263753
2024-12-15 02:53:00,Markham,L3P,43.86936,-79.263567
2024-10-19 13:00:00,Markham,L3P,43.880841,-79.263102
2024-07-01 04:00:00,Markham,L3P,43.878407,-79.262374
2025-07-25 04:01:00,Markham,L3P,43.878407,-79.262374
2025-08-01 15:30:00,Markham,L3P,43.878407,-79.262374
2024-07-29 02:00:00,Markham,L3P,43.886764,-79.261598
2024-11-25 07:28:00,Markham,L3S,43.840394,-79.262822
2025-01-25 23:51:00,Markham,L3S,43.851826,-79.262267
2025-06-04 07:20:00,Markham,L3S,43.851826,-79.262267
2025-07-23 18:00:00,Markham,L3P,43.889757,-79.260102
2024-08-09 13:16:00,Markham,L3P,43.875872,-79.260334
2024-08-11 15:01:00,Markham,L3P,43.875872,-79.260334
2025-03-08 15:30:00,Markham,L6E,43.907941,-79.259357
2024-12-29 01:00:00,Markham,L3S,43.847728,-79.261069
2025-03-11 07:46:00,Markham,L3S,43.847728,-79.261069
2024-08-26 04:00:00,Markham,L3P,43.88744,-79.259348
2024-07-16 04:00:00,Markham,L3P,43.8786,-79.259496
2024-11-09 04:00:00,Markham,L6E,43.899078,-79.25885
2024-11-03 19:43:00,Markham,L3S,43.835529,-79.260591
2025-06-29 22:30:00,Markham,L3P,43.884193,-79.258674
2025-05-23 04:00:00,Markham,L6E,43.909995,-79.25718
2025-03-29 17:01:00,Markham,L3S,43.854282,-79.258682
2024-12-06 21:26:00,Markham,L3P,43.887644,-79.256935
2024-09-20 21:05:00,Markham,L6E,43.903962,-79.256011
2024-12-02 23:47:00,Markham,L3S,43.840748,-79.257853
2025-08-06 14:40:00,Markham,L3P,43.884767,-79.2563
2025-05-18 11:56:00,Markham,L3P,43.891585,-79.255626
2025-07-19 23:30:00,Markham,L3P,43.867861,-79.255668
2024-08-28 22:20:00,Markham,L3S,43.85843,-79.255824
2025-08-09 04:01:00,Markham,L3P,43.887965,-79.253988
2024-10-27 01:38:00,Markham,L3P,43.885863,-79.253597
2024-11-09 01:17:00,Markham,L6E,43.899746,-79.253121
2025-04-19 22:12:00,Markham,L3S,43.835883,-79.254332
2025-01-31 02:57:00,Markham,L3P,43.890098,-79.251873
2024-08-27 23:00:00,Markham,L3P,43.887862,-79.251754
2024-08-03 19:31:00,Markham,L3S,43.85922,-79.252311
2025-07-12 18:07:00,Whitchurch-Stouffville,L4A,43.964012,-79.248963
2024-08-13 16:20:00,Markham,L6E,43.909648,-79.250214
2024-11-09 23:17:00,Markham,L3P,43.887908,-79.250682
2025-01-23 01:37:00,Whitchurch-Stouffville,L4A,43.977088,-79.24796
2025-08-16 13:38:00,Whitchurch-Stouffville,L4A,43.977088,-79.24796
2024-10-25 14:30:00,Markham,L6E,43.906788,-79.250017
2025-06-17 16:00:00,Markham,L3P,43.892811,-79.250413
2025-04-10 04:00:00,Markham,L3P,43.885223,-79.250554
2024-09-20 13:00:00,Markham,L6E,43.904008,-79.249446
2024-10-07 13:35:00,Markham,L3P,43.892153,-79.249704
2024-07-19 21:00:00,Markham,L3P,43.877769,-79.249796
2024-11-11 04:31:00,Markham,L3S,43.840784,-79.250706
2025-08-02 00:54:00,Markham,L3S,43.862265,-79.248756
2025-08-02 18:19:00,Whitchurch-Stouffville,L4A,43.976024,-79.245386
2024-09-08 01:00:00,Markham,L3P,43.889461,-79.247558
2024-11-23 21:45:00,Markham,L6E,43.900325,-79.247072
2024-11-01 04:01:00,Markham,L3P,43.894474,-79.247106
2024-11-21 22:44:00,Markham,L3P,43.894474,-79.247106
2025-01-07 01:41:00,Markham,L3S,43.842686,-79.248598
2025-06-15 04:01:00,Markham,L3S,43.842686,-79.248598
2025-01-15 05:01:00,Markham,L3P,43.897018,-79.246893
2024-12-13 16:25:00,Markham,L3S,43.858753,-79.247966
2024-10-03 08:00:00,Markham,L6B,43.893731,-79.246757
2024-08-18 09:30:00,Markham,L3P,43.881629,-79.246705
2025-01-19 02:35:00,Markham,L6E,43.904851,-79.245927
2025-03-08 01:55:00,Markham,L3P,43.883747,-79.246497
2024-11-02 19:00:00,Markham,L3P,43.888216,-79.245834
2024-10-06 22:30:00,Markham,L3S,43.844405,-79.246607
2025-02-19 04:30:00,Markham,L3S,43.844405,-79.246607
2024-12-20 16:06:00,Markham,L3P,43.894898,-79.244735
2025-01-02 23:27:00,Markham,L6B,43.894389,-79.243237
2024-08-21 20:50:00,Georgina,L0E,44.313782,-79.230541
2025-05-31 19:19:00,Markham,L3P,43.881001,-79.242979
2025-01-31 17:00:00,Markham,L6E,43.900466,-79.241944
2024-10-26 12:25:00,Markham,L3P,43.871129,-79.242501
2024-07-19 21:30:00,Markham,L3P,43.890854,-79.241509
2024-11-03 09:45:00,Markham,L3P,43.890854,-79.241509
2024-11-03 09:46:00,Markham,L3P,43.890854,-79.241509
2024-09-30 20:39:00,Markham,L3P,43.884867,-79.241611
2025-01-08 19:30:00,Markham,L3P,43.887422,-79.241255
2024-11-04 10:07:00,Markham,L3P,43.895037,-79.240918
2025-03-22 00:55:00,Markham,L3P,43.891682,-79.240782
2024-11-07 14:15:00,Markham,L3P,43.882997,-79.240871
2024-10-07 12:49:00,Markham,L3P,43.874678,-79.241111
2025-07-25 03:50:00,Whitchurch-Stouffville,L4A,43.98153,-79.237774
2024-11-25 21:24:00,Markham,L3P,43.892411,-79.240391
2025-03-08 05:00:00,Markham,L6E,43.903206,-79.239895
2025-06-26 19:34:00,Markham,L6B,43.889629,-79.239818
2024-12-22 19:42:00,Whitchurch-Stouffville,L4A,43.966857,-79.237328
2024-11-13 00:25:00,Whitchurch-Stouffville,L4A,43.970393,-79.236227
2024-12-13 15:10:00,Markham,L3S,43.861748,-79.239423
2024-08-22 14:30:00,Markham,L6B,43.893757,-79.237796
2025-01-17 22:45:00,Markham,L6B,43.898926,-79.237455
2025-02-08 23:00:00,Markham,L3S,43.854898,-79.237956
2025-08-01 18:07:00,Markham,L6B,43.904129,-79.23554
2025-01-10 00:52:00,Markham,L3P,43.873895,-79.236082
2025-01-18 16:00:00,Markham,L6B,43.892916,-79.235438
2024-09-13 20:30:00,Markham,L3S,43.865965,-79.234591
2024-11-22 19:00:00,Markham,L3S,43.861099,-79.234471
2024-10-04 04:00:00,Markham,L6B,43.893228,-79.233137
2024-11-01 14:30:00,Markham,L3S,43.860335,-79.233607
2025-02-21 23:49:00,Markham,L3S,43.86573,-79.233157
2024-12-13 17:00:00,Markham,L3S,43.86555,-79.2324
2025-06-26 20:27:00,Markham,L6B,43.886125,-79.231431
2025-05-10 14:30:00,Markham,L3S,43.862268,-79.232112
2025-02-28 00:30:00,Markham,L3P,43.8781,-79.231497
2024-12-14 20:30:00,Whitchurch-Stouffville,L4A,43.974115,-79.228295
2024-10-16 19:06:00,Markham,L6B,43.873212,-79.231191
2025-03-27 19:49:00,Markham,L6B,43.873212,-79.231191
2025-02-08 00:45:00,Markham,L6B,43.90373,-79.23025
2025-01-28 12:30:00,Markham,L3P,43.876045,-79.230847
2025-02-08 00:11:00,Markham,L6B,43.897983,-79.229054
2024-11-22 11:15:00,Whitchurch-Stouffville,L4A,43.963862,-79.226017
2024-07-02 21:09:00,Georgina,L0E,44.320599,-79.214161
2025-06-01 05:13:00,Markham,L6B,43.85159,-79.226324
2025-03-06 04:39:00,Whitchurch-Stouffville,L4A,43.965383,-79.222701
2025-07-08 19:08:00,Markham,L6B,43.881479,-79.225049
2025-07-10 22:03:00,Markham,L6B,43.869903,-79.224591
2025-06-26 04:01:00,Markham,L6B,43.86187,-79.224016
2024-12-27 21:37:00,Whitchurch-Stouffville,L4A,43.97091,-79.220034
2025-03-13 22:00:00,Markham,L6B,43.882125,-79.222433
2024-10-25 23:30:00,Markham,L6B,43.865198,-79.222419
2025-02-03 05:00:00,Markham,L6B,43.867964,-79.22172
2024-08-16 21:30:00,Markham,L6B,43.863809,-79.221589
2024-10-25 23:00:00,Markham,L6B,43.85988,-79.2213
2025-02-11 00:35:00,Markham,L6B,43.869215,-79.220298
2024-07-28 03:17:00,Markham,L6B,43.894577,-79.215464
2025-01-21 05:16:00,Georgina,L0C,44.255132,-79.202029
2024-09-05 03:48:00,Georgina,N/A,44.352411,-79.195704
2025-07-24 04:00:00,Georgina,N/A,44.337233,-79.188851
2025-01-17 02:00:00,Georgina,L0C,44.268787,-79.188891
2024-09-12 00:55:00,Markham,L6B,43.848523,-79.199259